id,credit_note_number,customer_id,claim_id,order_id,issued_at,amount,currency,reason,status,created_by
1,CN-2025-00001,87,2,22,2025-09-22 13:37:00,1443.06,EUR,CLAIM,ISSUED,5
2,CN-2025-00002,1682,3,35,2025-08-21 16:34:22,3.15,EUR,PRICE_CORRECTION,APPLIED,5
3,CN-2025-00003,1202,4,50,2025-07-31 10:27:11,28.21,EUR,CLAIM,APPLIED,5
4,CN-2025-00004,2146,6,58,2025-07-29 16:40:51,18.48,EUR,CLAIM,APPLIED,5
5,CN-2025-00005,1659,7,106,2025-09-05 16:21:34,308.90,EUR,CLAIM,APPLIED,5
6,CN-2025-00006,2326,8,121,2025-08-06 10:54:09,754.20,EUR,GOODWILL,ISSUED,3
7,CN-2025-00007,2147,9,128,2025-08-14 18:26:27,924.75,EUR,CLAIM,APPLIED,4
8,CN-2025-00008,1323,10,144,2025-08-20 15:53:12,1545.58,EUR,GOODWILL,APPLIED,3
9,CN-2025-00009,667,11,146,2025-07-17 17:19:09,39.56,EUR,CLAIM,APPLIED,3
10,CN-2025-00010,1230,13,154,2025-08-06 09:23:42,49.40,EUR,CLAIM,APPLIED,5
11,CN-2025-00011,311,15,232,2025-08-25 11:46:15,581.40,EUR,CLAIM,APPLIED,3
12,CN-2025-00012,2377,16,253,2025-08-12 15:59:42,37.58,EUR,CLAIM,APPLIED,4
13,CN-2025-00013,1768,17,293,2025-08-13 17:03:11,598.20,EUR,CLAIM,APPLIED,3
14,CN-2025-00014,2096,18,306,2025-08-28 17:11:28,802.80,EUR,CLAIM,APPLIED,4
15,CN-2025-00015,2300,20,323,2025-08-14 15:07:02,509.25,EUR,CLAIM,APPLIED,5
16,CN-2025-00016,1863,23,345,2025-08-22 15:43:25,1.67,EUR,RETURN,APPLIED,5
17,CN-2025-00017,596,24,346,2025-07-25 17:12:27,1327.32,EUR,CLAIM,APPLIED,3
18,CN-2025-00018,1875,25,349,2025-08-25 10:30:30,1.35,EUR,PRICE_CORRECTION,APPLIED,5
19,CN-2025-00019,2289,26,370,2025-08-18 08:22:09,5.05,EUR,GOODWILL,APPLIED,3
20,CN-2025-00020,1612,27,386,2025-08-18 15:34:10,1.41,EUR,PRICE_CORRECTION,ISSUED,3
21,CN-2025-00021,333,28,428,2025-08-14 17:16:23,212.16,EUR,CLAIM,APPLIED,3
22,CN-2025-00022,62,29,438,2025-08-27 11:51:04,91.50,EUR,CLAIM,APPLIED,4
23,CN-2025-00023,1414,30,443,2025-09-08 12:16:20,59.90,EUR,CLAIM,ISSUED,5
24,CN-2025-00024,1831,31,462,2025-09-03 15:28:00,210.90,EUR,CLAIM,APPLIED,3
25,CN-2025-00025,1100,32,476,2025-07-29 17:43:34,1359.60,EUR,CLAIM,APPLIED,4
26,CN-2025-00026,12,33,478,2025-08-26 16:49:30,9802.80,EUR,CLAIM,APPLIED,3
27,CN-2025-00027,693,34,547,2025-08-12 12:02:14,4166.10,EUR,CLAIM,APPLIED,5
28,CN-2025-00028,1573,35,552,2025-08-18 12:08:17,63.82,EUR,GOODWILL,APPLIED,3
29,CN-2025-00029,195,36,566,2025-08-05 14:48:03,116.25,EUR,CLAIM,APPLIED,4
30,CN-2025-00030,2054,37,577,2025-09-04 17:39:48,70.20,EUR,PRICE_CORRECTION,ISSUED,4
31,CN-2025-00031,1557,38,583,2025-08-11 12:10:00,11.67,EUR,CLAIM,APPLIED,4
32,CN-2025-00032,1958,39,607,2025-10-08 10:49:43,243.29,EUR,GOODWILL,CANCELLED,5
33,CN-2025-00033,2343,40,610,2025-09-18 09:01:08,1158.11,EUR,GOODWILL,CANCELLED,5
34,CN-2025-00034,677,41,619,2025-09-16 13:30:23,135.50,EUR,CLAIM,ISSUED,4
35,CN-2025-00035,486,42,640,2025-09-05 13:40:50,192.67,EUR,CLAIM,APPLIED,5
36,CN-2025-00036,1415,43,645,2025-08-26 17:15:18,369.00,EUR,CLAIM,APPLIED,3
37,CN-2025-00037,2164,44,654,2025-08-27 11:04:31,2326.80,EUR,CLAIM,APPLIED,4
38,CN-2025-00038,2311,45,660,2025-09-15 19:12:27,347.70,EUR,CLAIM,APPLIED,3
39,CN-2025-00039,2280,47,675,2025-09-10 13:32:10,51.66,EUR,CLAIM,APPLIED,5
40,CN-2025-00040,2033,48,679,2025-09-24 13:06:07,177.60,EUR,GOODWILL,ISSUED,3
41,CN-2025-00041,1220,49,681,2025-09-16 10:37:14,83.16,EUR,CLAIM,APPLIED,5
42,CN-2025-00042,740,50,691,2025-09-10 09:44:58,16.45,EUR,CLAIM,APPLIED,3
43,CN-2025-00043,1845,51,698,2025-09-29 15:16:15,67.07,EUR,GOODWILL,APPLIED,5
44,CN-2025-00044,668,52,699,2025-09-01 10:52:54,36.36,EUR,RETURN,APPLIED,3
45,CN-2025-00045,1285,53,778,2025-10-28 11:37:19,1608.47,EUR,GOODWILL,APPLIED,3
46,CN-2025-00046,105,54,786,2025-09-10 12:01:38,24.22,EUR,PRICE_CORRECTION,ISSUED,3
47,CN-2025-00047,685,55,821,2025-09-05 10:03:43,14.69,EUR,PRICE_CORRECTION,APPLIED,3
48,CN-2025-00048,165,56,828,2025-10-13 15:37:26,419.04,EUR,CLAIM,APPLIED,3
49,CN-2025-00049,1669,57,831,2025-09-29 09:17:03,11.95,EUR,CLAIM,APPLIED,5
50,CN-2025-00050,2292,58,836,2025-09-03 08:15:40,800.00,EUR,CLAIM,APPLIED,3
51,CN-2025-00051,1974,59,844,2025-09-17 17:48:27,2343.00,EUR,CLAIM,ISSUED,4
52,CN-2025-00052,1022,62,914,2025-08-28 10:56:59,71.88,EUR,PRICE_CORRECTION,APPLIED,4
53,CN-2025-00053,2337,64,924,2025-09-04 17:20:47,77.00,EUR,RETURN,APPLIED,4
54,CN-2025-00054,329,66,949,2025-08-28 10:58:00,406.90,EUR,CLAIM,APPLIED,3
55,CN-2025-00055,617,67,951,2025-09-11 08:22:51,153.90,EUR,CLAIM,APPLIED,4
56,CN-2025-00056,384,68,990,2025-09-18 10:20:36,40.70,EUR,CLAIM,APPLIED,4
57,CN-2025-00057,2382,69,1002,2025-09-08 17:50:37,445.09,EUR,CLAIM,APPLIED,3
58,CN-2025-00058,1138,70,1005,2025-09-24 16:12:26,142.65,EUR,CLAIM,APPLIED,4
59,CN-2025-00059,2211,71,1006,2025-09-15 23:02:28,101.80,EUR,CLAIM,APPLIED,5
60,CN-2025-00060,2323,72,1037,2025-09-15 14:47:20,1123.68,EUR,CLAIM,ISSUED,3
61,CN-2025-00061,1726,73,1058,2025-09-26 12:11:24,230.66,EUR,CLAIM,APPLIED,3
62,CN-2025-00062,1353,74,1064,2025-09-16 11:06:29,419.60,EUR,CLAIM,ISSUED,3
63,CN-2025-00063,1367,75,1075,2025-09-29 09:43:14,16.71,EUR,GOODWILL,APPLIED,3
64,CN-2025-00064,857,76,1079,2025-09-18 15:25:49,1211.10,EUR,CLAIM,APPLIED,5
65,CN-2025-00065,2060,78,1125,2025-09-30 01:11:35,12.35,EUR,CLAIM,APPLIED,4
66,CN-2025-00066,1100,79,1137,2025-09-01 17:33:28,3555.00,EUR,CLAIM,APPLIED,5
67,CN-2025-00067,55,82,1172,2025-08-13 19:36:34,679.44,EUR,GOODWILL,ISSUED,3
68,CN-2025-00068,852,83,1201,2025-10-20 10:53:07,5.03,EUR,CLAIM,ISSUED,3
69,CN-2025-00069,22,84,1213,2025-09-04 14:43:18,182.70,EUR,CLAIM,APPLIED,3
70,CN-2025-00070,821,85,1215,2025-09-08 10:46:03,150.35,EUR,GOODWILL,APPLIED,5
71,CN-2025-00071,1608,86,1219,2025-10-08 17:29:06,375.84,EUR,CLAIM,APPLIED,4
72,CN-2025-00072,2377,87,1224,2025-09-17 14:20:46,97.47,EUR,GOODWILL,APPLIED,4
73,CN-2025-00073,2012,88,1231,2025-09-27 01:45:50,265.92,EUR,GOODWILL,APPLIED,3
74,CN-2025-00074,705,89,1242,2025-10-01 10:58:20,151.91,EUR,GOODWILL,APPLIED,4
75,CN-2025-00075,989,92,1258,2025-10-15 10:07:44,86.90,EUR,CLAIM,APPLIED,4
76,CN-2025-00076,129,93,1281,2025-08-28 16:02:15,4931.40,EUR,CLAIM,APPLIED,5
77,CN-2025-00077,278,94,1320,2025-09-15 15:10:30,567.00,EUR,CLAIM,ISSUED,4
78,CN-2025-00078,1905,95,1330,2025-08-22 11:50:21,131.00,EUR,CLAIM,ISSUED,5
79,CN-2025-00079,1570,96,1351,2025-09-02 18:53:52,3.75,EUR,GOODWILL,APPLIED,4
80,CN-2025-00080,1450,97,1354,2025-08-29 10:51:03,5963.17,EUR,RETURN,APPLIED,5
81,CN-2025-00081,316,98,1358,2025-09-25 17:32:13,162.60,EUR,PRICE_CORRECTION,APPLIED,4
82,CN-2025-00082,958,99,1361,2025-08-13 22:14:52,100.40,EUR,CLAIM,APPLIED,4
83,CN-2025-00083,1781,100,1390,2025-10-01 19:27:16,125.14,EUR,PRICE_CORRECTION,ISSUED,5
84,CN-2025-00084,1146,101,1392,2025-08-20 08:48:40,214.93,EUR,CLAIM,APPLIED,3
85,CN-2025-00085,810,102,1428,2025-08-18 18:42:32,261.80,EUR,CLAIM,APPLIED,5
86,CN-2025-00086,1701,103,1429,2025-08-18 23:34:10,105.95,EUR,CLAIM,APPLIED,4
87,CN-2025-00087,68,104,1457,2025-09-18 14:33:50,437.62,EUR,CLAIM,ISSUED,3
88,CN-2025-00088,1308,105,1474,2025-09-12 09:35:25,8.40,EUR,PRICE_CORRECTION,APPLIED,3
89,CN-2025-00089,1654,106,1481,2025-10-09 15:34:58,345.24,EUR,CLAIM,APPLIED,4
90,CN-2025-00090,1,107,1484,2025-08-29 16:18:59,934.80,EUR,CLAIM,ISSUED,3
91,CN-2025-00091,1065,108,1485,2025-09-09 00:55:02,1284.00,EUR,CLAIM,APPLIED,3
92,CN-2025-00092,1990,109,1490,2025-09-17 16:11:16,2949.10,EUR,CLAIM,APPLIED,4
93,CN-2025-00093,1329,110,1492,2025-09-11 08:04:09,21.16,EUR,GOODWILL,APPLIED,3
94,CN-2025-00094,147,111,1498,2025-09-04 16:16:08,14.97,EUR,PRICE_CORRECTION,APPLIED,3
95,CN-2025-00095,1091,112,1500,2025-09-08 15:03:17,1111.20,EUR,CLAIM,APPLIED,5
96,CN-2025-00096,1085,113,1535,2025-09-25 11:57:48,267.25,EUR,GOODWILL,APPLIED,5
97,CN-2025-00097,2181,114,1546,2025-09-30 11:33:47,64.40,EUR,CLAIM,APPLIED,4
98,CN-2025-00098,549,115,1553,2025-10-16 17:01:04,5047.27,EUR,CLAIM,CANCELLED,3
99,CN-2025-00099,1569,116,1598,2025-11-06 10:03:00,5.94,EUR,GOODWILL,APPLIED,4
100,CN-2025-00100,193,117,1611,2025-09-26 12:56:39,7462.40,EUR,CLAIM,APPLIED,5
101,CN-2025-00101,344,119,1634,2025-10-21 15:35:18,61.36,EUR,CLAIM,APPLIED,3
102,CN-2025-00102,1741,121,1677,2025-10-28 13:19:38,74.62,EUR,CLAIM,APPLIED,5
103,CN-2025-00103,2264,122,1751,2025-09-30 23:58:59,933.30,EUR,CLAIM,APPLIED,4
104,CN-2025-00104,1283,123,1785,2025-10-07 16:36:16,9485.13,EUR,CLAIM,APPLIED,5
105,CN-2025-00105,697,124,1806,2025-10-07 10:53:57,490.36,EUR,GOODWILL,APPLIED,4
106,CN-2025-00106,1651,125,1810,2025-10-20 13:05:39,3634.80,EUR,CLAIM,APPLIED,5
107,CN-2025-00107,644,127,1831,2025-10-28 08:14:45,644.60,EUR,GOODWILL,APPLIED,4
108,CN-2025-00108,556,128,1840,2025-10-28 17:13:01,572.85,EUR,CLAIM,APPLIED,4
109,CN-2025-00109,1605,130,1853,2025-10-13 17:55:35,6.62,EUR,CLAIM,APPLIED,4
110,CN-2025-00110,177,131,1856,2025-10-27 12:19:28,608.40,EUR,CLAIM,APPLIED,3
111,CN-2025-00111,1050,132,1882,2025-11-19 13:58:22,2227.50,EUR,CLAIM,APPLIED,5
112,CN-2025-00112,1659,133,1898,2025-10-28 17:53:51,6478.20,EUR,RETURN,ISSUED,5
113,CN-2025-00113,2,134,1900,2025-10-02 17:42:36,1.91,EUR,CLAIM,APPLIED,5
114,CN-2025-00114,2371,135,1916,2025-10-13 16:23:54,1093.68,EUR,CLAIM,APPLIED,4
115,CN-2025-00115,1481,136,1945,2025-10-08 17:13:49,610.00,EUR,CLAIM,APPLIED,5
116,CN-2025-00116,1491,137,1959,2025-10-22 16:42:39,97.78,EUR,PRICE_CORRECTION,APPLIED,3
117,CN-2025-00117,2175,138,1964,2025-10-14 11:28:08,749.40,EUR,CLAIM,ISSUED,4
118,CN-2025-00118,274,139,1978,2025-10-10 08:01:10,1752.04,EUR,GOODWILL,APPLIED,4
119,CN-2025-00119,1659,140,1991,2025-09-29 16:26:29,2.99,EUR,PRICE_CORRECTION,APPLIED,5
120,CN-2025-00120,1839,141,2027,2025-10-16 08:00:22,2781.25,EUR,GOODWILL,APPLIED,3
121,CN-2025-00121,40,142,2051,2025-10-29 09:15:12,72.19,EUR,GOODWILL,APPLIED,5
122,CN-2025-00122,450,145,2106,2025-10-14 08:25:40,24.39,EUR,PRICE_CORRECTION,CANCELLED,5
123,CN-2025-00123,1433,146,2107,2025-10-15 17:59:37,428.48,EUR,RETURN,APPLIED,4
124,CN-2025-00124,329,147,2119,2025-10-03 09:55:05,2637.60,EUR,CLAIM,ISSUED,4
125,CN-2025-00125,744,148,2153,2025-10-04 01:07:33,463.58,EUR,CLAIM,APPLIED,4
126,CN-2025-00126,1454,149,2170,2025-10-08 17:34:31,277.14,EUR,GOODWILL,APPLIED,5
127,CN-2025-00127,1481,150,2180,2025-10-15 17:21:07,172.62,EUR,CLAIM,APPLIED,5
128,CN-2025-00128,1712,151,2189,2025-11-14 17:21:36,314.22,EUR,GOODWILL,ISSUED,3
129,CN-2025-00129,1100,153,2206,2025-10-03 09:06:33,1688.30,EUR,GOODWILL,APPLIED,5
130,CN-2025-00130,2309,154,2248,2025-10-14 15:03:06,109.68,EUR,PRICE_CORRECTION,APPLIED,3
131,CN-2025-00131,18,155,2249,2025-10-22 14:05:52,603.40,EUR,GOODWILL,ISSUED,4
132,CN-2025-00132,748,156,2253,2025-10-16 17:21:18,212.70,EUR,CLAIM,APPLIED,5
133,CN-2025-00133,1426,157,2317,2025-11-04 08:50:11,126.73,EUR,GOODWILL,APPLIED,4
134,CN-2025-00134,824,158,2321,2025-10-21 17:37:15,239.92,EUR,CLAIM,APPLIED,5
135,CN-2025-00135,2000,160,2362,2025-10-13 12:41:27,1014.50,EUR,CLAIM,APPLIED,5
136,CN-2025-00136,1130,161,2371,2025-10-21 12:43:45,317.40,EUR,CLAIM,APPLIED,3
137,CN-2025-00137,1102,162,2373,2025-10-20 17:43:21,411.80,EUR,CLAIM,APPLIED,5
138,CN-2025-00138,1845,163,2374,2025-11-04 08:51:15,936.75,EUR,CLAIM,APPLIED,5
139,CN-2025-00139,865,164,2375,2025-12-22 22:56:10,175.50,EUR,CLAIM,APPLIED,4
140,CN-2025-00140,308,165,2389,2025-10-29 11:19:27,967.44,EUR,GOODWILL,APPLIED,5
141,CN-2025-00141,1523,166,2424,2025-10-17 10:15:39,50.45,EUR,GOODWILL,APPLIED,4
142,CN-2025-00142,2142,167,2444,2025-11-10 13:35:21,176.17,EUR,CLAIM,APPLIED,4
143,CN-2025-00143,2397,168,2450,2025-10-28 09:53:41,2249.32,EUR,GOODWILL,APPLIED,3
144,CN-2025-00144,1623,169,2509,2025-09-25 12:17:31,275.24,EUR,CLAIM,APPLIED,4
145,CN-2025-00145,1648,170,2514,2025-10-23 09:57:13,4.76,EUR,CLAIM,APPLIED,4
146,CN-2025-00146,1,171,2519,2025-10-31 08:25:34,216.95,EUR,CLAIM,APPLIED,3
147,CN-2025-00147,2049,172,2543,2025-10-09 15:46:21,322.92,EUR,CLAIM,ISSUED,3
148,CN-2025-00148,850,173,2546,2025-10-27 20:22:20,98.51,EUR,GOODWILL,APPLIED,5
149,CN-2025-00149,25,175,2619,2025-11-18 11:55:13,143.46,EUR,CLAIM,ISSUED,5
150,CN-2025-00150,1899,176,2633,2025-11-04 09:41:49,248.77,EUR,CLAIM,APPLIED,3
151,CN-2025-00151,1607,177,2634,2025-11-10 13:25:41,10428.00,EUR,CLAIM,CANCELLED,4
152,CN-2025-00152,2238,178,2635,2025-10-29 11:06:21,11.38,EUR,GOODWILL,CANCELLED,5
153,CN-2025-00153,2375,179,2663,2025-11-13 14:37:34,166.29,EUR,CLAIM,APPLIED,4
154,CN-2025-00154,1929,180,2724,2025-10-28 09:04:19,1431.35,EUR,GOODWILL,APPLIED,3
155,CN-2025-00155,903,183,2777,2025-11-19 12:24:31,1176.00,EUR,CLAIM,APPLIED,4
156,CN-2025-00156,1807,184,2784,2025-12-09 10:23:45,169.80,EUR,CLAIM,APPLIED,3
157,CN-2025-00157,596,186,2803,2025-11-25 08:24:23,862.02,EUR,CLAIM,APPLIED,4
158,CN-2025-00158,282,187,2809,2025-11-04 15:13:41,593.34,EUR,CLAIM,APPLIED,5
159,CN-2025-00159,992,188,2834,2025-10-30 08:58:18,73.50,EUR,CLAIM,APPLIED,4
160,CN-2025-00160,1451,190,2845,2025-10-30 10:43:48,3805.38,EUR,GOODWILL,APPLIED,4
161,CN-2025-00161,311,192,2850,2025-10-30 14:50:13,1074.48,EUR,GOODWILL,APPLIED,4
162,CN-2025-00162,417,193,2863,2025-11-20 17:21:03,1352.64,EUR,GOODWILL,APPLIED,4
163,CN-2025-00163,2224,194,2899,2025-11-11 15:56:07,886.00,EUR,CLAIM,ISSUED,5
164,CN-2025-00164,1141,195,2911,2025-12-01 12:35:51,2710.00,EUR,CLAIM,APPLIED,3
165,CN-2025-00165,1840,196,2914,2025-11-05 09:22:30,213.00,EUR,CLAIM,APPLIED,4
166,CN-2025-00166,1436,197,2916,2025-11-06 11:47:25,71.95,EUR,CLAIM,ISSUED,3
167,CN-2025-00167,2298,198,2924,2025-12-02 14:30:38,53.32,EUR,CLAIM,APPLIED,4
168,CN-2025-00168,50,200,2934,2025-11-21 08:20:31,1035.54,EUR,GOODWILL,APPLIED,3
169,CN-2025-00169,1933,201,2940,2025-11-12 15:59:29,623.87,EUR,GOODWILL,APPLIED,4
170,CN-2025-00170,1822,203,2951,2025-10-28 08:39:48,84.82,EUR,PRICE_CORRECTION,ISSUED,3
171,CN-2025-00171,1284,204,2987,2025-11-24 21:15:56,89.59,EUR,GOODWILL,APPLIED,5
172,CN-2025-00172,1141,205,2993,2025-11-27 16:00:10,101.85,EUR,CLAIM,APPLIED,4
173,CN-2025-00173,547,206,3004,2025-11-05 08:06:42,115.56,EUR,PRICE_CORRECTION,ISSUED,5
174,CN-2025-00174,348,207,3015,2025-10-16 10:22:38,17.46,EUR,CLAIM,ISSUED,5
175,CN-2025-00175,149,208,3034,2025-11-18 14:24:16,134.35,EUR,PRICE_CORRECTION,APPLIED,4
176,CN-2025-00176,685,209,3036,2025-10-21 15:31:08,320.21,EUR,CLAIM,APPLIED,4
177,CN-2025-00177,2222,210,3040,2025-11-17 08:37:56,488.43,EUR,GOODWILL,APPLIED,5
178,CN-2025-00178,685,211,3061,2025-11-18 19:30:53,384.50,EUR,CLAIM,CANCELLED,5
179,CN-2025-00179,1611,212,3090,2025-12-02 15:17:05,99.47,EUR,GOODWILL,ISSUED,3
180,CN-2025-00180,1580,213,3109,2025-10-22 17:08:10,12772.50,EUR,CLAIM,APPLIED,5
181,CN-2025-00181,530,214,3120,2025-12-23 10:14:36,62.50,EUR,CLAIM,APPLIED,4
182,CN-2025-00182,296,215,3124,2025-11-24 16:52:17,1484.93,EUR,RETURN,APPLIED,5
183,CN-2025-00183,693,216,3138,2025-12-02 10:33:18,141.05,EUR,GOODWILL,ISSUED,4
184,CN-2025-00184,2306,217,3145,2025-11-10 14:07:38,1894.36,EUR,CLAIM,APPLIED,5
185,CN-2025-00185,365,218,3153,2025-10-21 22:06:39,1036.50,EUR,CLAIM,APPLIED,3
186,CN-2025-00186,1582,219,3170,2025-11-07 08:48:16,3262.28,EUR,CLAIM,APPLIED,5
187,CN-2025-00187,710,220,3171,2025-12-02 20:54:23,2.26,EUR,CLAIM,APPLIED,4
188,CN-2025-00188,2000,221,3177,2025-12-17 11:59:13,434.69,EUR,GOODWILL,APPLIED,3
189,CN-2025-00189,1457,222,3185,2025-12-02 16:26:18,1177.42,EUR,CLAIM,ISSUED,4
190,CN-2025-00190,1189,223,3188,2025-11-06 14:59:51,81.84,EUR,CLAIM,APPLIED,3
191,CN-2025-00191,2052,224,3210,2025-10-27 12:21:39,374.99,EUR,GOODWILL,APPLIED,5
192,CN-2025-00192,2240,225,3212,2025-10-29 15:29:03,530.10,EUR,CLAIM,APPLIED,4
193,CN-2025-00193,1481,226,3224,2025-11-19 15:35:35,318.29,EUR,CLAIM,ISSUED,5
194,CN-2025-00194,642,227,3232,2025-11-14 14:21:31,48.89,EUR,PRICE_CORRECTION,APPLIED,5
195,CN-2025-00195,2054,228,3268,2025-11-17 18:31:19,13.34,EUR,CLAIM,ISSUED,5
196,CN-2025-00196,2113,229,3274,2025-11-18 16:50:20,1598.00,EUR,CLAIM,APPLIED,4
197,CN-2025-00197,1878,230,3296,2025-11-17 12:38:03,604.00,EUR,CLAIM,APPLIED,4
198,CN-2025-00198,1997,231,3299,2025-11-03 09:17:57,124.17,EUR,GOODWILL,APPLIED,3
199,CN-2025-00199,1919,232,3315,2025-11-05 12:47:25,2289.29,EUR,CLAIM,APPLIED,5
200,CN-2025-00200,882,233,3369,2025-10-28 17:05:15,99.48,EUR,PRICE_CORRECTION,ISSUED,4
201,CN-2025-00201,823,234,3390,2025-10-30 10:59:11,1365.12,EUR,PRICE_CORRECTION,APPLIED,4
202,CN-2025-00202,1598,235,3426,2025-11-05 11:11:09,3507.20,EUR,CLAIM,APPLIED,4
203,CN-2025-00203,2256,236,3442,2025-10-31 08:31:32,515.94,EUR,CLAIM,APPLIED,4
204,CN-2025-00204,2281,237,3455,2025-10-21 17:24:29,1958.94,EUR,CLAIM,APPLIED,3
205,CN-2025-00205,1700,238,3465,2025-11-04 08:42:35,107.43,EUR,GOODWILL,APPLIED,4
206,CN-2025-00206,1085,239,3474,2025-11-13 21:17:20,666.00,EUR,CLAIM,APPLIED,3
207,CN-2025-00207,158,240,3498,2025-12-03 16:59:08,3.39,EUR,CLAIM,APPLIED,3
208,CN-2025-00208,1929,241,3513,2025-12-11 17:13:56,477.80,EUR,CLAIM,APPLIED,5
209,CN-2025-00209,1085,242,3516,2025-12-22 09:21:07,470.25,EUR,CLAIM,APPLIED,3
210,CN-2025-00210,1046,243,3522,2025-12-15 09:15:46,982.49,EUR,GOODWILL,APPLIED,4
211,CN-2026-00001,792,244,3557,2026-01-01 16:04:43,291.98,EUR,CLAIM,APPLIED,5
212,CN-2025-00211,748,245,3562,2025-12-17 11:10:48,672.34,EUR,PRICE_CORRECTION,ISSUED,3
213,CN-2025-00212,365,247,3566,2025-12-16 16:58:20,9834.32,EUR,CLAIM,ISSUED,3
214,CN-2025-00213,2208,248,3582,2025-12-18 15:54:23,869.67,EUR,CLAIM,ISSUED,3
215,CN-2025-00214,1784,249,3583,2025-12-26 18:04:46,584.40,EUR,CLAIM,APPLIED,3
216,CN-2025-00215,2054,250,3600,2025-12-12 08:06:25,71.46,EUR,CLAIM,ISSUED,5
217,CN-2025-00216,629,251,3602,2025-12-08 14:11:41,15.43,EUR,PRICE_CORRECTION,APPLIED,4
218,CN-2026-00002,591,252,3605,2026-01-01 10:16:00,142.88,EUR,CLAIM,ISSUED,4
219,CN-2025-00217,1535,253,3606,2025-11-25 09:34:00,35.76,EUR,GOODWILL,ISSUED,5
220,CN-2025-00218,1202,254,3625,2025-12-11 15:59:48,434.68,EUR,GOODWILL,APPLIED,3
221,CN-2025-00219,143,255,3657,2025-12-01 15:40:11,434.70,EUR,CLAIM,APPLIED,4
222,CN-2025-00220,2317,256,3661,2025-12-19 11:38:09,243.60,EUR,CLAIM,APPLIED,3
223,CN-2025-00221,497,257,3688,2025-12-23 15:44:40,490.88,EUR,CLAIM,ISSUED,4
224,CN-2026-00003,1929,258,3692,2026-01-06 09:22:10,208.08,EUR,CLAIM,APPLIED,3
225,CN-2025-00222,2130,260,3758,2025-12-26 13:57:08,47.88,EUR,PRICE_CORRECTION,ISSUED,4
226,CN-2025-00223,2068,261,3767,2025-12-15 17:28:37,30.75,EUR,CLAIM,APPLIED,3
227,CN-2026-00004,46,262,3779,2026-01-06 10:46:11,1035.82,EUR,GOODWILL,APPLIED,3
228,CN-2025-00224,1714,263,3799,2025-12-02 15:20:12,534.31,EUR,GOODWILL,APPLIED,5
229,CN-2025-00225,1780,264,3812,2025-12-31 14:17:44,176.12,EUR,GOODWILL,APPLIED,4
230,CN-2025-00226,364,265,3893,2025-12-04 18:51:50,148.46,EUR,GOODWILL,ISSUED,5
231,CN-2025-00227,1905,266,3948,2025-12-04 14:50:39,21.88,EUR,CLAIM,APPLIED,5
232,CN-2025-00228,1063,267,3980,2025-12-17 19:13:03,111.00,EUR,CLAIM,APPLIED,5
233,CN-2026-00005,699,268,3987,2026-01-07 10:52:01,37.32,EUR,CLAIM,APPLIED,3
234,CN-2025-00229,1236,269,4008,2025-11-26 17:53:05,18.05,EUR,CLAIM,APPLIED,4
235,CN-2025-00230,419,270,4015,2025-12-26 13:39:29,43.98,EUR,CLAIM,APPLIED,5
236,CN-2025-00231,126,271,4031,2025-12-15 20:20:24,130.90,EUR,CLAIM,APPLIED,5
237,CN-2025-00232,1666,272,4034,2025-12-18 08:39:06,359.70,EUR,CLAIM,APPLIED,5
238,CN-2026-00006,1998,273,4047,2026-01-01 10:50:14,62.64,EUR,CLAIM,APPLIED,4
239,CN-2025-00233,2001,275,4092,2025-12-09 13:28:09,2496.46,EUR,CLAIM,APPLIED,5
240,CN-2026-00007,1289,276,4112,2026-02-03 10:56:10,535.00,EUR,CLAIM,ISSUED,3
241,CN-2025-00234,797,277,4114,2025-12-02 09:31:26,1738.80,EUR,CLAIM,APPLIED,5
242,CN-2025-00235,1000,278,4127,2025-11-26 16:35:00,124.90,EUR,CLAIM,APPLIED,5
243,CN-2025-00236,170,279,4141,2025-12-11 10:47:52,230.80,EUR,CLAIM,APPLIED,3
244,CN-2025-00237,1661,280,4146,2025-12-15 13:27:10,1111.04,EUR,CLAIM,APPLIED,3
245,CN-2025-00238,748,281,4156,2025-12-19 11:59:41,171.00,EUR,CLAIM,APPLIED,3
246,CN-2025-00239,645,282,4169,2025-11-20 15:02:56,424.07,EUR,CLAIM,ISSUED,4
247,CN-2026-00008,381,283,4211,2026-02-04 15:24:25,109.89,EUR,CLAIM,ISSUED,3
248,CN-2025-00240,1919,285,4222,2025-12-01 13:53:04,50.92,EUR,CLAIM,APPLIED,3
249,CN-2025-00241,32,286,4242,2025-12-31 10:34:22,2278.78,EUR,GOODWILL,ISSUED,5
250,CN-2025-00242,1840,287,4286,2025-11-26 15:18:59,409.40,EUR,CLAIM,APPLIED,3
251,CN-2025-00243,1939,288,4319,2025-12-17 17:03:54,5192.90,EUR,CLAIM,APPLIED,3
252,CN-2025-00244,628,290,4378,2025-12-24 09:59:09,767.07,EUR,GOODWILL,APPLIED,3
253,CN-2025-00245,779,292,4419,2025-12-30 08:40:49,45.40,EUR,CLAIM,APPLIED,4
254,CN-2026-00009,789,293,4447,2026-01-27 09:24:50,359.55,EUR,CLAIM,APPLIED,5
255,CN-2026-00010,1626,294,4453,2026-01-19 17:43:50,616.32,EUR,PRICE_CORRECTION,APPLIED,3
256,CN-2026-00011,2326,295,4471,2026-01-15 16:22:18,479.95,EUR,CLAIM,APPLIED,5
257,CN-2026-00012,1777,296,4479,2026-01-02 19:36:03,383.38,EUR,CLAIM,APPLIED,4
258,CN-2026-00013,1481,297,4506,2026-01-30 17:51:32,810.89,EUR,GOODWILL,APPLIED,4
259,CN-2026-00014,165,298,4591,2026-01-09 11:52:23,119.06,EUR,GOODWILL,ISSUED,5
260,CN-2026-00015,983,299,4607,2026-01-15 17:43:27,176.25,EUR,CLAIM,APPLIED,5
261,CN-2026-00016,1926,300,4611,2026-01-01 10:40:22,314.90,EUR,CLAIM,ISSUED,5
262,CN-2025-00246,1848,301,4612,2025-12-26 12:55:29,198.36,EUR,CLAIM,APPLIED,3
263,CN-2026-00017,1551,302,4619,2026-01-28 09:10:19,701.70,EUR,CLAIM,APPLIED,4
264,CN-2025-00247,1896,303,4667,2025-12-31 09:34:58,113.88,EUR,CLAIM,APPLIED,4
265,CN-2025-00248,612,304,4670,2025-12-26 08:54:41,20.48,EUR,CLAIM,APPLIED,5
266,CN-2026-00018,269,305,4673,2026-02-04 17:25:14,409.72,EUR,GOODWILL,APPLIED,3
267,CN-2026-00019,822,306,4705,2026-01-26 17:07:17,7.21,EUR,CLAIM,APPLIED,4
268,CN-2025-00249,373,307,4711,2025-12-30 13:22:05,1683.70,EUR,CLAIM,APPLIED,3
269,CN-2026-00020,134,308,4745,2026-01-21 10:24:41,54.54,EUR,CLAIM,ISSUED,3
270,CN-2026-00021,19,309,4781,2026-02-11 15:15:26,9.94,EUR,PRICE_CORRECTION,ISSUED,3
271,CN-2025-00250,495,310,4792,2025-12-31 12:57:34,51.02,EUR,CLAIM,APPLIED,4
272,CN-2026-00022,1470,311,4807,2026-01-12 11:42:34,22.55,EUR,PRICE_CORRECTION,APPLIED,4
273,CN-2025-00251,1894,312,4842,2025-12-17 13:26:43,252.29,EUR,CLAIM,APPLIED,4
274,CN-2026-00023,42,313,4864,2026-01-15 08:45:11,53.96,EUR,PRICE_CORRECTION,ISSUED,3
275,CN-2026-00024,725,314,4871,2026-01-15 17:15:19,356.44,EUR,CLAIM,APPLIED,4
276,CN-2026-00025,1001,316,4877,2026-01-15 17:15:34,352.22,EUR,GOODWILL,APPLIED,5
277,CN-2026-00026,412,317,4890,2026-01-14 10:47:28,10857.11,EUR,CLAIM,APPLIED,5
278,CN-2025-00252,298,318,4904,2025-12-31 08:18:20,967.50,EUR,CLAIM,APPLIED,4
279,CN-2026-00027,1877,319,4925,2026-01-16 14:10:42,41.75,EUR,CLAIM,APPLIED,3
280,CN-2026-00028,1659,320,4940,2026-01-01 13:50:50,149.66,EUR,PRICE_CORRECTION,ISSUED,3
281,CN-2026-00029,1962,321,4950,2026-01-19 18:11:58,354.96,EUR,CLAIM,APPLIED,5
282,CN-2025-00253,275,322,4974,2025-12-19 17:48:31,426.40,EUR,CLAIM,APPLIED,3
283,CN-2025-00254,419,323,4975,2025-12-30 14:56:35,763.55,EUR,CLAIM,APPLIED,3
284,CN-2026-00030,1282,324,4988,2026-02-02 12:21:08,11.18,EUR,CLAIM,APPLIED,3
285,CN-2026-00031,748,325,4991,2026-01-14 10:14:15,275.16,EUR,CLAIM,APPLIED,4
286,CN-2026-00032,2335,326,5004,2026-01-28 15:19:43,198.08,EUR,GOODWILL,ISSUED,3
287,CN-2026-00033,588,327,5012,2026-01-20 08:38:13,17.75,EUR,GOODWILL,APPLIED,4
288,CN-2026-00034,155,328,5020,2026-02-10 16:20:13,17.04,EUR,CLAIM,APPLIED,4
289,CN-2026-00035,83,329,5030,2026-01-09 09:20:25,561.60,EUR,CLAIM,APPLIED,4
290,CN-2026-00036,632,331,5055,2026-02-05 10:32:30,125.85,EUR,CLAIM,APPLIED,5
291,CN-2026-00037,1449,332,5078,2026-03-05 16:50:24,2311.51,EUR,GOODWILL,ISSUED,5
292,CN-2026-00038,2262,333,5105,2026-03-06 13:34:41,1150.80,EUR,CLAIM,APPLIED,4
293,CN-2026-00039,649,334,5123,2026-02-20 13:27:14,292.07,EUR,GOODWILL,ISSUED,4
294,CN-2026-00040,1466,335,5145,2026-02-11 10:37:13,330.60,EUR,CLAIM,ISSUED,5
295,CN-2026-00041,1983,336,5162,2026-02-18 10:42:41,415.15,EUR,CLAIM,ISSUED,5
296,CN-2026-00042,1474,337,5178,2026-02-04 10:37:34,2563.92,EUR,CLAIM,APPLIED,5
297,CN-2026-00043,815,338,5181,2026-03-03 17:10:12,2119.90,EUR,CLAIM,CANCELLED,5
298,CN-2026-00044,672,339,5201,2026-03-16 09:08:54,3718.20,EUR,CLAIM,APPLIED,4
299,CN-2026-00045,1754,341,5237,2026-01-30 20:55:30,876.20,EUR,CLAIM,ISSUED,4
300,CN-2026-00046,422,342,5309,2026-02-03 14:04:50,41.62,EUR,CLAIM,ISSUED,3
301,CN-2026-00047,1157,343,5314,2026-03-10 10:00:25,2946.07,EUR,GOODWILL,APPLIED,3
302,CN-2026-00048,1642,344,5318,2026-01-27 09:41:12,2375.85,EUR,CLAIM,APPLIED,3
303,CN-2026-00049,747,345,5323,2026-02-19 21:57:28,60.48,EUR,PRICE_CORRECTION,APPLIED,4
304,CN-2026-00050,571,346,5325,2026-03-05 08:50:26,146.51,EUR,CLAIM,APPLIED,5
305,CN-2026-00051,2315,347,5342,2026-02-09 11:15:11,31.35,EUR,CLAIM,ISSUED,4
306,CN-2026-00052,1668,348,5400,2026-02-04 15:28:10,265.80,EUR,CLAIM,ISSUED,5
307,CN-2026-00053,1000,349,5440,2026-02-13 14:04:15,99.00,EUR,CLAIM,ISSUED,4
308,CN-2026-00054,1608,350,5453,2026-02-12 17:51:04,1.85,EUR,CLAIM,APPLIED,3
309,CN-2026-00055,1288,351,5470,2026-02-24 08:03:15,52.12,EUR,CLAIM,APPLIED,3
310,CN-2026-00056,909,352,5471,2026-02-16 17:21:58,5767.70,EUR,RETURN,ISSUED,5
311,CN-2026-00057,684,353,5478,2026-03-16 23:56:54,45.45,EUR,CLAIM,ISSUED,3
312,CN-2026-00058,849,354,5479,2026-02-27 12:11:43,118.99,EUR,CLAIM,ISSUED,3
313,CN-2026-00059,2301,355,5483,2026-02-18 17:59:37,738.00,EUR,CLAIM,APPLIED,3
314,CN-2026-00060,983,356,5484,2026-02-25 16:36:01,468.49,EUR,GOODWILL,APPLIED,3
315,CN-2026-00061,504,357,5491,2026-03-03 15:24:40,11.72,EUR,CLAIM,APPLIED,4
316,CN-2026-00062,606,358,5501,2026-02-13 13:38:30,581.25,EUR,CLAIM,ISSUED,5
317,CN-2026-00063,906,359,5524,2026-02-25 16:41:43,79.92,EUR,PRICE_CORRECTION,APPLIED,4
318,CN-2026-00064,1869,360,5542,2026-01-20 22:38:21,1462.35,EUR,CLAIM,APPLIED,5
319,CN-2026-00065,1958,362,5565,2026-02-17 17:17:41,246.77,EUR,CLAIM,APPLIED,5
320,CN-2026-00066,291,363,5567,2026-01-30 08:55:27,4355.16,EUR,CLAIM,APPLIED,4
321,CN-2026-00067,501,364,5571,2026-02-20 10:46:28,1307.16,EUR,GOODWILL,APPLIED,5
322,CN-2026-00068,1639,365,5587,2026-01-15 14:30:05,73.12,EUR,CLAIM,APPLIED,5
323,CN-2026-00069,1424,366,5622,2026-03-06 18:55:34,2198.96,EUR,CLAIM,APPLIED,3
324,CN-2026-00070,2080,367,5625,2026-03-03 14:53:58,1806.52,EUR,CLAIM,APPLIED,3
325,CN-2026-00071,480,368,5630,2026-02-16 18:17:30,525.00,EUR,CLAIM,APPLIED,5
326,CN-2026-00072,572,370,5644,2026-02-23 17:48:43,55.42,EUR,GOODWILL,APPLIED,3
327,CN-2026-00073,8,371,5645,2026-02-05 09:15:19,1358.10,EUR,CLAIM,APPLIED,3
328,CN-2026-00074,1109,372,5655,2026-02-24 11:36:20,12.62,EUR,CLAIM,APPLIED,4
329,CN-2026-00075,193,373,5667,2026-02-13 16:09:17,136.20,EUR,PRICE_CORRECTION,APPLIED,3
330,CN-2026-00076,1237,374,5677,2026-02-26 09:01:28,174.64,EUR,CLAIM,APPLIED,5
331,CN-2026-00077,2114,375,5683,2026-02-23 17:00:13,12.31,EUR,CLAIM,ISSUED,4
332,CN-2026-00078,1877,376,5712,2026-03-06 21:51:33,192.60,EUR,CLAIM,APPLIED,3
333,CN-2026-00079,1451,377,5713,2026-01-21 11:49:57,2904.60,EUR,CLAIM,ISSUED,4
334,CN-2026-00080,1523,378,5722,2026-03-19 08:42:12,1578.92,EUR,GOODWILL,APPLIED,3
335,CN-2026-00081,1496,379,5727,2026-02-18 09:37:56,510.00,EUR,CLAIM,APPLIED,5
336,CN-2026-00082,714,380,5733,2026-02-10 14:33:35,88.35,EUR,GOODWILL,APPLIED,4
337,CN-2026-00083,2005,381,5751,2026-02-05 08:44:27,5.75,EUR,CLAIM,APPLIED,5
338,CN-2026-00084,2041,382,5788,2026-03-13 12:15:14,102.04,EUR,GOODWILL,APPLIED,4
339,CN-2026-00085,1121,383,5829,2026-04-13 17:50:41,3229.54,EUR,CLAIM,APPLIED,3
340,CN-2026-00086,1334,384,5859,2026-03-05 09:23:44,56.67,EUR,CLAIM,APPLIED,5
341,CN-2026-00087,1639,385,5864,2026-03-03 11:16:38,117.80,EUR,CLAIM,APPLIED,3
342,CN-2026-00088,114,386,5865,2026-02-23 16:35:56,662.85,EUR,RETURN,APPLIED,5
343,CN-2026-00089,1210,387,5879,2026-03-06 15:31:12,268.12,EUR,GOODWILL,ISSUED,5
344,CN-2026-00090,785,388,5885,2026-03-04 16:32:46,18.58,EUR,GOODWILL,APPLIED,3
345,CN-2026-00091,1499,389,5896,2026-03-16 14:23:03,15.98,EUR,GOODWILL,APPLIED,3
346,CN-2026-00092,2267,390,5899,2026-03-06 19:12:05,238.68,EUR,CLAIM,APPLIED,3
347,CN-2026-00093,1140,391,5900,2026-03-04 12:56:42,346.60,EUR,RETURN,APPLIED,5
348,CN-2026-00094,1097,392,5914,2026-03-02 09:57:46,426.96,EUR,CLAIM,APPLIED,3
349,CN-2026-00095,1647,393,5919,2026-03-06 15:29:29,68.04,EUR,PRICE_CORRECTION,APPLIED,5
350,CN-2026-00096,2030,394,5972,2026-04-01 08:44:20,513.12,EUR,CLAIM,ISSUED,3
351,CN-2026-00097,679,395,6039,2026-03-26 15:38:54,4823.25,EUR,RETURN,ISSUED,5
352,CN-2026-00098,1000,396,6087,2026-03-18 11:49:25,628.00,EUR,CLAIM,APPLIED,3
353,CN-2026-00099,992,398,6115,2026-03-24 16:57:07,155.90,EUR,CLAIM,CANCELLED,3
354,CN-2026-00100,1827,399,6116,2026-03-19 10:28:16,688.11,EUR,CLAIM,APPLIED,4
355,CN-2026-00101,1150,400,6181,2026-03-17 09:43:00,962.75,EUR,CLAIM,ISSUED,5
356,CN-2026-00102,566,401,6206,2026-03-04 16:59:24,32.32,EUR,CLAIM,APPLIED,4
357,CN-2026-00103,453,402,6211,2026-03-02 23:02:01,817.80,EUR,CLAIM,ISSUED,3
358,CN-2026-00104,1061,403,6221,2026-03-18 12:26:52,5082.85,EUR,CLAIM,APPLIED,5
359,CN-2026-00105,1350,404,6226,2026-03-30 15:29:35,170.87,EUR,GOODWILL,APPLIED,5
360,CN-2026-00106,2353,405,6238,2026-03-10 17:33:47,1672.57,EUR,CLAIM,APPLIED,5
361,CN-2026-00107,530,406,6245,2026-03-13 12:02:45,101.90,EUR,CLAIM,ISSUED,5
362,CN-2026-00108,1375,407,6252,2026-03-18 13:50:50,18.64,EUR,GOODWILL,APPLIED,3
363,CN-2026-00109,1814,409,6259,2026-03-04 16:33:09,1731.23,EUR,GOODWILL,APPLIED,3
364,CN-2026-00110,379,410,6260,2026-03-27 08:11:15,870.15,EUR,CLAIM,ISSUED,4
365,CN-2026-00111,1497,411,6268,2026-03-30 10:20:12,138.90,EUR,RETURN,APPLIED,4
366,CN-2026-00112,909,413,6350,2026-02-23 13:12:19,6942.40,EUR,CLAIM,APPLIED,5
367,CN-2026-00113,1428,414,6371,2026-03-12 10:20:44,77.25,EUR,CLAIM,APPLIED,3
368,CN-2026-00114,723,415,6455,2026-03-02 12:07:21,10.56,EUR,PRICE_CORRECTION,APPLIED,5
369,CN-2026-00115,2383,416,6456,2026-04-06 17:57:53,182.25,EUR,CLAIM,ISSUED,5
370,CN-2026-00116,1986,417,6458,2026-03-30 10:29:13,1131.50,EUR,CLAIM,APPLIED,5
371,CN-2026-00117,797,418,6475,2026-03-12 16:58:40,230.28,EUR,CLAIM,APPLIED,3
372,CN-2026-00118,1784,419,6480,2026-03-20 12:30:06,172.63,EUR,GOODWILL,APPLIED,3
373,CN-2026-00119,79,420,6488,2026-03-24 09:25:34,432.00,EUR,CLAIM,ISSUED,4
374,CN-2026-00120,1481,421,6513,2026-02-23 12:46:01,116.82,EUR,CLAIM,ISSUED,5
375,CN-2026-00121,685,422,6579,2026-04-10 17:52:34,434.88,EUR,GOODWILL,APPLIED,4
376,CN-2026-00122,717,423,6581,2026-05-13 17:18:58,74.23,EUR,GOODWILL,APPLIED,5
377,CN-2026-00123,651,425,6615,2026-04-15 14:17:33,2853.50,EUR,CLAIM,APPLIED,3
378,CN-2026-00124,2044,426,6625,2026-05-05 13:30:06,332.24,EUR,GOODWILL,APPLIED,3
379,CN-2026-00125,2054,430,6672,2026-04-30 16:05:15,1214.10,EUR,CLAIM,APPLIED,5
380,CN-2026-00126,2054,431,6686,2026-04-02 15:43:02,4634.88,EUR,CLAIM,APPLIED,3
381,CN-2026-00127,1128,432,6698,2026-04-14 15:53:49,266.70,EUR,CLAIM,APPLIED,3
382,CN-2026-00128,761,433,6708,2026-04-28 10:17:44,2454.95,EUR,GOODWILL,APPLIED,5
383,CN-2026-00129,634,434,6715,2026-04-13 11:38:12,572.28,EUR,CLAIM,ISSUED,5
384,CN-2026-00130,308,435,6721,2026-04-16 09:14:54,477.38,EUR,GOODWILL,APPLIED,4
385,CN-2026-00131,1253,436,6726,2026-05-01 11:58:39,1213.10,EUR,GOODWILL,ISSUED,3
386,CN-2026-00132,862,437,6754,2026-04-06 19:28:58,139.54,EUR,PRICE_CORRECTION,APPLIED,4
387,CN-2026-00133,1748,438,6758,2026-04-14 15:29:59,285.50,EUR,CLAIM,APPLIED,3
388,CN-2026-00134,1980,440,6771,2026-03-24 12:33:46,400.72,EUR,CLAIM,APPLIED,4
389,CN-2026-00135,2017,441,6792,2026-04-08 17:41:59,14.03,EUR,PRICE_CORRECTION,APPLIED,3
390,CN-2026-00136,300,442,6799,2026-04-14 12:06:25,178.60,EUR,RETURN,APPLIED,3
391,CN-2026-00137,2273,443,6805,2026-04-30 15:52:52,16.16,EUR,CLAIM,ISSUED,3
392,CN-2026-00138,1369,444,6827,2026-03-31 09:07:46,1221.00,EUR,RETURN,APPLIED,5
393,CN-2026-00139,223,445,6835,2026-04-21 17:54:19,4184.04,EUR,CLAIM,APPLIED,5
394,CN-2026-00140,387,446,6836,2026-04-02 09:11:29,651.81,EUR,GOODWILL,APPLIED,3
395,CN-2026-00141,1375,447,6844,2026-04-30 15:28:45,2616.00,EUR,CLAIM,APPLIED,4
396,CN-2026-00142,1138,449,6865,2026-03-25 10:18:26,1905.75,EUR,RETURN,APPLIED,3
397,CN-2026-00143,2282,452,6900,2026-04-30 13:29:42,13.54,EUR,GOODWILL,APPLIED,5
398,CN-2026-00144,2355,453,6915,2026-04-17 15:30:35,253.80,EUR,CLAIM,APPLIED,4
399,CN-2026-00145,663,454,6919,2026-03-23 13:21:54,580.50,EUR,CLAIM,ISSUED,3
400,CN-2026-00146,2155,456,6924,2026-04-21 15:37:19,64.62,EUR,CLAIM,APPLIED,4
401,CN-2026-00147,1437,457,6931,2026-04-15 11:22:35,179.25,EUR,CLAIM,APPLIED,3
402,CN-2026-00148,319,458,6936,2026-03-30 20:51:52,67.81,EUR,CLAIM,APPLIED,4
403,CN-2026-00149,2320,459,7009,2026-04-21 16:43:26,2336.92,EUR,CLAIM,ISSUED,5
404,CN-2026-00150,296,460,7011,2026-04-27 17:35:45,1740.23,EUR,CLAIM,ISSUED,4
405,CN-2026-00151,1083,461,7015,2026-04-09 13:09:57,729.17,EUR,GOODWILL,APPLIED,3
406,CN-2026-00152,1415,462,7033,2026-04-28 10:59:36,82.24,EUR,GOODWILL,ISSUED,5
407,CN-2026-00153,1949,463,7035,2026-04-16 21:17:40,127.00,EUR,CLAIM,ISSUED,3
408,CN-2026-00154,38,464,7041,2026-04-15 01:00:47,12.44,EUR,CLAIM,APPLIED,5
409,CN-2026-00155,1813,465,7047,2026-04-02 10:22:52,883.54,EUR,GOODWILL,APPLIED,3
410,CN-2026-00156,530,466,7062,2026-04-09 14:08:15,317.25,EUR,GOODWILL,ISSUED,5
411,CN-2026-00157,795,467,7086,2026-04-13 17:09:06,180.98,EUR,CLAIM,APPLIED,5
412,CN-2026-00158,1546,468,7091,2026-05-21 15:21:16,10.09,EUR,CLAIM,APPLIED,4
413,CN-2026-00159,2109,469,7137,2026-04-22 11:42:12,24.88,EUR,CLAIM,APPLIED,4
414,CN-2026-00160,714,470,7155,2026-03-19 11:35:25,798.15,EUR,RETURN,ISSUED,5
415,CN-2026-00161,1682,471,7156,2026-03-31 17:06:27,6.78,EUR,CLAIM,ISSUED,4
416,CN-2026-00162,1521,472,7157,2026-04-07 09:09:06,58.32,EUR,RETURN,APPLIED,4
417,CN-2026-00163,263,473,7166,2026-04-02 10:20:05,1885.95,EUR,CLAIM,APPLIED,4
418,CN-2026-00164,1764,474,7171,2026-04-01 10:38:13,12.36,EUR,PRICE_CORRECTION,APPLIED,5
419,CN-2026-00165,1659,475,7183,2026-04-24 14:13:28,1578.65,EUR,GOODWILL,APPLIED,4
420,CN-2026-00166,17,476,7208,2026-04-09 14:57:42,32.28,EUR,CLAIM,APPLIED,3
421,CN-2026-00167,710,477,7221,2026-04-14 12:35:27,85.00,EUR,CLAIM,ISSUED,4
422,CN-2026-00168,484,478,7237,2026-04-23 16:42:05,559.80,EUR,RETURN,APPLIED,4
423,CN-2026-00169,1306,479,7239,2026-04-30 11:01:32,9814.17,EUR,CLAIM,APPLIED,3
424,CN-2026-00170,1554,480,7258,2026-04-15 15:01:32,1205.50,EUR,CLAIM,APPLIED,5
425,CN-2026-00171,370,481,7280,2026-04-16 12:21:46,623.40,EUR,CLAIM,APPLIED,5
426,CN-2026-00172,813,482,7299,2026-04-22 15:09:28,359.77,EUR,CLAIM,APPLIED,4
427,CN-2026-00173,241,483,7308,2026-04-07 15:36:54,246.19,EUR,GOODWILL,APPLIED,4
428,CN-2026-00174,860,484,7348,2026-04-20 19:26:36,331.20,EUR,CLAIM,APPLIED,3
429,CN-2026-00175,2049,485,7351,2026-04-09 19:23:22,1295.52,EUR,CLAIM,ISSUED,4
430,CN-2026-00176,596,488,7400,2026-04-15 13:09:04,54.53,EUR,GOODWILL,APPLIED,3
431,CN-2026-00177,1146,489,7434,2026-04-09 16:35:57,22.16,EUR,CLAIM,APPLIED,5
432,CN-2026-00178,935,490,7444,2026-04-28 09:27:00,1519.20,EUR,PRICE_CORRECTION,APPLIED,5
433,CN-2026-00179,132,491,7461,2026-04-02 13:49:28,9.50,EUR,CLAIM,APPLIED,4
434,CN-2026-00180,1185,492,7486,2026-05-25 08:23:16,321.00,EUR,CLAIM,APPLIED,5
435,CN-2026-00181,1929,493,7489,2026-04-23 09:57:26,778.06,EUR,CLAIM,APPLIED,4
436,CN-2026-00182,1716,494,7497,2026-04-30 16:55:13,61.76,EUR,RETURN,APPLIED,5
437,CN-2026-00183,381,495,7547,2026-05-07 14:54:50,102.50,EUR,GOODWILL,APPLIED,4
438,CN-2026-00184,155,496,7556,2026-04-29 10:50:54,34.45,EUR,GOODWILL,APPLIED,4
439,CN-2026-00185,1035,497,7560,2026-05-18 17:15:30,267.39,EUR,GOODWILL,APPLIED,4
440,CN-2026-00186,464,498,7592,2026-04-30 14:10:40,308.85,EUR,CLAIM,ISSUED,3
441,CN-2026-00187,949,499,7608,2026-05-14 13:15:21,656.50,EUR,GOODWILL,APPLIED,4
442,CN-2026-00188,1768,500,7632,2026-06-01 13:14:17,21.10,EUR,GOODWILL,CANCELLED,4
443,CN-2026-00189,1800,501,7645,2026-05-29 11:42:39,3618.24,EUR,CLAIM,APPLIED,5
444,CN-2026-00190,814,502,7653,2026-06-08 20:19:19,3.49,EUR,PRICE_CORRECTION,APPLIED,4
445,CN-2026-00191,291,504,7672,2026-05-15 16:31:35,272.45,EUR,GOODWILL,APPLIED,3
446,CN-2026-00192,627,505,7690,2026-05-04 09:48:41,14.67,EUR,CLAIM,APPLIED,4
447,CN-2026-00193,1772,506,7691,2026-05-14 12:31:58,11.58,EUR,CLAIM,APPLIED,3
448,CN-2026-00194,295,507,7692,2026-05-11 15:26:44,4374.00,EUR,CLAIM,APPLIED,4
449,CN-2026-00195,950,509,7718,2026-06-10 12:03:21,1.24,EUR,PRICE_CORRECTION,APPLIED,3
450,CN-2026-00196,1415,510,7723,2026-05-12 20:25:59,197.80,EUR,CLAIM,ISSUED,3
451,CN-2026-00197,856,511,7727,2026-05-26 17:44:00,97.89,EUR,CLAIM,APPLIED,3
452,CN-2026-00198,184,512,7766,2026-04-28 17:58:41,826.80,EUR,CLAIM,APPLIED,3
453,CN-2026-00199,1845,514,7790,2026-05-05 17:57:28,56.60,EUR,CLAIM,ISSUED,4
454,CN-2026-00200,2031,515,7830,2026-06-11 17:52:58,399.00,EUR,CLAIM,APPLIED,4
455,CN-2026-00201,2261,516,7852,2026-04-28 12:14:10,2677.50,EUR,CLAIM,APPLIED,5
456,CN-2026-00202,2264,519,7890,2026-05-12 08:43:03,254.00,EUR,GOODWILL,APPLIED,5
457,CN-2026-00203,1606,520,7906,2026-06-02 17:39:17,563.01,EUR,CLAIM,APPLIED,4
458,CN-2026-00204,3,521,7915,2026-05-07 16:05:43,904.32,EUR,CLAIM,APPLIED,5
459,CN-2026-00205,1905,522,7919,2026-05-27 15:37:57,15.96,EUR,CLAIM,APPLIED,4
460,CN-2026-00206,1027,523,7921,2026-05-14 08:53:12,15.26,EUR,CLAIM,APPLIED,4
461,CN-2026-00207,430,524,7922,2026-06-29 08:39:20,110.74,EUR,CLAIM,APPLIED,3
462,CN-2026-00208,2222,525,7934,2026-05-21 12:34:55,1422.25,EUR,GOODWILL,APPLIED,4
463,CN-2026-00209,2371,526,7948,2026-05-15 12:59:11,1857.04,EUR,CLAIM,APPLIED,4
464,CN-2026-00210,1302,527,7969,2026-05-27 17:55:02,817.35,EUR,CLAIM,APPLIED,3
465,CN-2026-00211,336,528,7979,2026-05-05 19:04:22,183.29,EUR,GOODWILL,APPLIED,3
466,CN-2026-00212,183,529,7997,2026-05-13 20:32:13,827.33,EUR,CLAIM,ISSUED,5
467,CN-2026-00213,1605,530,8000,2026-05-06 20:55:07,54.86,EUR,GOODWILL,APPLIED,3
468,CN-2026-00214,2222,531,8007,2026-05-11 14:30:57,11.53,EUR,CLAIM,APPLIED,5
469,CN-2026-00215,685,533,8012,2026-04-28 10:30:45,3.08,EUR,GOODWILL,APPLIED,3
470,CN-2026-00216,2316,534,8020,2026-05-13 15:16:35,72.27,EUR,GOODWILL,APPLIED,5
471,CN-2026-00217,2199,536,8069,2026-05-08 12:57:12,1747.26,EUR,CLAIM,ISSUED,5
472,CN-2026-00218,398,537,8075,2026-05-13 12:18:26,51.45,EUR,CLAIM,ISSUED,4
473,CN-2026-00219,678,538,8091,2026-05-15 11:28:52,221.60,EUR,CLAIM,APPLIED,3
474,CN-2026-00220,2283,539,8106,2026-05-05 15:12:03,6.71,EUR,CLAIM,APPLIED,5
475,CN-2026-00221,1442,541,8141,2026-04-24 14:03:33,164.00,EUR,CLAIM,APPLIED,4
476,CN-2026-00222,859,542,8154,2026-05-05 09:36:55,173.75,EUR,CLAIM,APPLIED,5
477,CN-2026-00223,947,543,8155,2026-05-18 09:43:49,63.78,EUR,RETURN,ISSUED,3
478,CN-2026-00224,808,544,8162,2026-04-13 11:30:14,431.20,EUR,CLAIM,APPLIED,5
479,CN-2026-00225,964,545,8168,2026-05-04 12:45:50,642.00,EUR,CLAIM,APPLIED,4
480,CN-2026-00226,550,546,8197,2026-05-18 13:27:25,86.58,EUR,GOODWILL,APPLIED,5
481,CN-2026-00227,1082,547,8237,2026-07-02 09:13:05,172.02,EUR,GOODWILL,APPLIED,5
482,CN-2026-00228,421,548,8253,2026-06-24 13:38:26,218.00,EUR,CLAIM,APPLIED,4
483,CN-2026-00229,735,549,8260,2026-05-26 10:29:49,248.90,EUR,CLAIM,ISSUED,3
484,CN-2026-00230,1693,550,8268,2026-06-11 12:51:06,86.20,EUR,CLAIM,APPLIED,5
485,CN-2026-00231,4,552,8299,2026-05-06 12:16:53,1618.43,EUR,CLAIM,APPLIED,4
486,CN-2026-00232,2228,553,8310,2026-05-25 09:34:05,2284.79,EUR,GOODWILL,APPLIED,5
487,CN-2026-00233,2220,554,8325,2026-04-29 11:48:59,151.56,EUR,PRICE_CORRECTION,APPLIED,3
488,CN-2026-00234,786,555,8326,2026-05-13 10:16:14,10.73,EUR,CLAIM,ISSUED,3
489,CN-2026-00235,1940,556,8329,2026-05-13 17:43:26,122.40,EUR,CLAIM,ISSUED,3
490,CN-2026-00236,630,557,8334,2026-05-06 09:49:22,32.61,EUR,CLAIM,ISSUED,3
491,CN-2026-00237,2101,558,8357,2026-05-07 09:51:23,23.12,EUR,CLAIM,APPLIED,3
492,CN-2026-00238,989,559,8366,2026-05-22 15:36:25,3.86,EUR,CLAIM,ISSUED,4
493,CN-2026-00239,682,560,8376,2026-05-06 13:29:31,940.44,EUR,CLAIM,ISSUED,3
494,CN-2026-00240,2264,561,8379,2026-04-20 16:31:10,112.32,EUR,CLAIM,APPLIED,4
495,CN-2026-00241,197,562,8394,2026-04-29 15:37:48,8.01,EUR,CLAIM,APPLIED,3
496,CN-2026-00242,1481,563,8419,2026-04-29 10:50:08,149.22,EUR,CLAIM,APPLIED,3
497,CN-2026-00243,655,564,8421,2026-05-20 15:07:52,447.95,EUR,GOODWILL,ISSUED,5
498,CN-2026-00244,1552,565,8447,2026-05-04 16:40:16,1477.50,EUR,CLAIM,APPLIED,3
499,CN-2026-00245,1506,566,8450,2026-05-25 09:28:02,286.97,EUR,RETURN,APPLIED,5
500,CN-2026-00246,673,567,8466,2026-05-18 13:22:36,72.95,EUR,CLAIM,APPLIED,4
501,CN-2026-00247,1113,568,8482,2026-05-07 13:35:10,590.64,EUR,CLAIM,APPLIED,3
502,CN-2026-00248,876,570,8512,2026-06-11 14:23:53,8.08,EUR,CLAIM,APPLIED,3
503,CN-2026-00249,213,571,8528,2026-06-03 10:35:51,118.20,EUR,PRICE_CORRECTION,ISSUED,4
504,CN-2026-00250,563,572,8555,2026-05-27 17:04:02,596.40,EUR,CLAIM,APPLIED,4
505,CN-2026-00251,632,573,8584,2026-06-16 17:48:09,115.06,EUR,PRICE_CORRECTION,APPLIED,4
506,CN-2026-00252,1629,574,8611,2026-06-16 15:48:25,219.81,EUR,RETURN,APPLIED,3
507,CN-2026-00253,747,575,8619,2026-06-16 16:41:54,65.28,EUR,CLAIM,APPLIED,4
508,CN-2026-00254,142,576,8622,2026-06-12 15:01:16,2369.40,EUR,CLAIM,APPLIED,5
509,CN-2026-00255,2286,578,8704,2026-06-10 21:41:24,22.32,EUR,PRICE_CORRECTION,APPLIED,3
510,CN-2026-00256,1398,580,8754,2026-06-15 11:52:11,48.15,EUR,GOODWILL,ISSUED,5
511,CN-2026-00257,1662,581,8763,2026-06-08 10:47:13,103.86,EUR,CLAIM,APPLIED,4
512,CN-2026-00258,20,583,8775,2026-06-26 17:57:00,611.61,EUR,CLAIM,APPLIED,3
513,CN-2026-00259,1166,585,8794,2026-06-25 17:14:48,86.74,EUR,GOODWILL,APPLIED,5
514,CN-2026-00260,804,586,8819,2026-06-24 15:38:25,205.56,EUR,CLAIM,APPLIED,5
515,CN-2026-00261,1064,587,8832,2026-05-22 08:06:09,513.12,EUR,CLAIM,APPLIED,4
516,CN-2026-00262,2353,588,8869,2026-06-04 09:52:50,1130.45,EUR,CLAIM,APPLIED,5
517,CN-2026-00263,1201,589,8916,2026-06-01 15:13:30,848.79,EUR,GOODWILL,APPLIED,3
518,CN-2026-00264,1958,590,8929,2026-06-15 16:47:15,12.66,EUR,CLAIM,APPLIED,4
519,CN-2026-00265,1670,591,8941,2026-06-09 16:27:18,543.90,EUR,CLAIM,APPLIED,5
520,CN-2026-00266,1704,592,8953,2026-06-04 13:00:24,1318.00,EUR,CLAIM,APPLIED,4
521,CN-2026-00267,171,594,8969,2026-06-23 10:57:01,37.80,EUR,CLAIM,APPLIED,4
522,CN-2026-00268,63,595,8974,2026-06-24 13:03:23,872.82,EUR,CLAIM,APPLIED,4
523,CN-2026-00269,209,596,8999,2026-06-18 12:18:43,8.01,EUR,CLAIM,APPLIED,4
524,CN-2026-00270,1375,598,9014,2026-06-16 13:23:56,68.85,EUR,GOODWILL,ISSUED,5
525,CN-2026-00271,789,599,9019,2026-06-23 12:13:09,941.22,EUR,CLAIM,APPLIED,3
526,CN-2026-00272,2112,600,9026,2026-07-15 11:15:08,610.00,EUR,CLAIM,ISSUED,3
527,CN-2026-00273,1888,602,9062,2026-06-04 13:19:51,486.00,EUR,CLAIM,ISSUED,5
528,CN-2026-00274,83,603,9078,2026-06-23 15:23:58,5099.64,EUR,CLAIM,ISSUED,4
529,CN-2026-00275,1925,604,9087,2026-05-13 09:27:47,749.96,EUR,GOODWILL,APPLIED,3
530,CN-2026-00276,299,606,9117,2026-05-26 17:13:47,2556.16,EUR,GOODWILL,APPLIED,4
531,CN-2026-00277,1201,607,9139,2026-06-05 09:52:46,305.80,EUR,CLAIM,APPLIED,4
532,CN-2026-00278,1461,608,9146,2026-06-03 13:18:25,377.80,EUR,CLAIM,APPLIED,3
533,CN-2026-00279,695,609,9147,2026-06-24 13:34:07,870.90,EUR,CLAIM,APPLIED,3
534,CN-2026-00280,1891,610,9152,2026-06-24 09:52:35,881.36,EUR,CLAIM,ISSUED,4
535,CN-2026-00281,901,612,9196,2026-06-25 12:28:09,107.21,EUR,CLAIM,APPLIED,3
536,CN-2026-00282,1077,613,9202,2026-05-21 11:19:38,13.31,EUR,CLAIM,ISSUED,5
537,CN-2026-00283,2193,614,9233,2026-06-02 17:18:14,1670.00,EUR,CLAIM,CANCELLED,4
538,CN-2026-00284,1461,615,9234,2026-06-10 16:04:50,74.55,EUR,CLAIM,APPLIED,4
539,CN-2026-00285,1210,616,9237,2026-06-23 12:29:50,122.14,EUR,CLAIM,APPLIED,4
540,CN-2026-00286,2355,617,9244,2026-06-30 10:16:35,574.66,EUR,CLAIM,APPLIED,3
541,CN-2026-00287,131,619,9279,2026-06-11 10:15:50,88.80,EUR,CLAIM,APPLIED,4
542,CN-2026-00288,1233,620,9280,2026-05-26 16:17:01,645.24,EUR,CLAIM,APPLIED,5
543,CN-2026-00289,615,621,9301,2026-06-01 10:41:44,40.80,EUR,CLAIM,APPLIED,3
544,CN-2026-00290,456,622,9307,2026-06-16 09:19:46,1286.77,EUR,GOODWILL,APPLIED,4
545,CN-2026-00291,2090,624,9322,2026-06-16 11:26:32,11.88,EUR,CLAIM,ISSUED,3
546,CN-2026-00292,1323,625,9326,2026-06-30 14:47:03,396.84,EUR,GOODWILL,APPLIED,3
547,CN-2026-00293,762,626,9329,2026-06-15 13:51:19,540.65,EUR,GOODWILL,APPLIED,5
548,CN-2026-00294,1551,627,9337,2026-05-22 12:29:07,169.12,EUR,CLAIM,APPLIED,5
549,CN-2026-00295,2106,628,9353,2026-06-23 12:57:00,48.75,EUR,CLAIM,ISSUED,4
550,CN-2026-00296,1662,629,9357,2026-05-20 16:13:37,96.52,EUR,CLAIM,APPLIED,3
551,CN-2026-00297,119,630,9373,2026-06-04 16:48:45,282.78,EUR,CLAIM,APPLIED,3
552,CN-2026-00298,2205,631,9389,2026-07-07 09:21:21,6.02,EUR,CLAIM,CANCELLED,4
553,CN-2026-00299,1335,632,9405,2026-06-17 08:12:58,7146.20,EUR,CLAIM,APPLIED,5
554,CN-2026-00300,1764,633,9407,2026-06-04 12:29:30,2205.00,EUR,RETURN,ISSUED,4
555,CN-2026-00301,2163,635,9409,2026-07-22 12:35:17,425.00,EUR,CLAIM,APPLIED,4
556,CN-2026-00302,93,636,9420,2026-06-22 14:50:09,934.50,EUR,CLAIM,APPLIED,4
557,CN-2026-00303,359,637,9434,2026-07-10 10:30:33,673.30,EUR,CLAIM,APPLIED,3
558,CN-2026-00304,685,638,9438,2026-06-16 15:11:17,348.75,EUR,CLAIM,APPLIED,3
559,CN-2026-00305,8,639,9461,2026-06-08 17:19:10,1088.63,EUR,GOODWILL,APPLIED,3
560,CN-2026-00306,795,640,9465,2026-06-09 10:27:26,479.52,EUR,PRICE_CORRECTION,APPLIED,5
561,CN-2026-00307,657,641,9466,2026-06-18 17:42:56,340.33,EUR,CLAIM,ISSUED,4
562,CN-2026-00308,1100,642,9467,2026-06-15 16:33:57,16.70,EUR,GOODWILL,APPLIED,5
563,CN-2026-00309,2218,643,9470,2026-06-08 16:44:45,287.50,EUR,CLAIM,CANCELLED,4
564,CN-2026-00310,2004,644,9497,2026-05-18 17:02:28,10.05,EUR,GOODWILL,APPLIED,4
565,CN-2026-00311,136,645,9506,2026-06-01 16:15:21,8358.72,EUR,CLAIM,APPLIED,4
566,CN-2026-00312,812,646,9513,2026-06-19 09:56:37,2167.68,EUR,CLAIM,APPLIED,4
567,CN-2026-00313,2377,647,9517,2026-05-20 11:34:28,218.59,EUR,PRICE_CORRECTION,APPLIED,4
568,CN-2026-00314,1415,648,9559,2026-06-03 16:11:34,202.44,EUR,CLAIM,ISSUED,5
569,CN-2026-00315,2145,649,9563,2026-06-22 16:42:01,205.80,EUR,CLAIM,APPLIED,3
570,CN-2026-00316,1207,650,9569,2026-06-04 14:36:13,149.57,EUR,GOODWILL,APPLIED,5
571,CN-2026-00317,2238,652,9587,2026-06-16 13:05:10,33.95,EUR,CLAIM,ISSUED,3
572,CN-2026-00318,2371,653,9590,2026-05-25 13:37:25,5626.90,EUR,CLAIM,APPLIED,5
573,CN-2026-00319,93,654,9646,2026-07-22 14:10:41,174.32,EUR,GOODWILL,APPLIED,5
574,CN-2026-00320,296,655,9673,2026-07-09 14:11:37,2.04,EUR,CLAIM,APPLIED,4
575,CN-2026-00321,797,656,9674,2026-07-23 17:18:01,252.99,EUR,GOODWILL,ISSUED,3
576,CN-2026-00322,2165,659,9692,2026-07-10 17:21:03,519.00,EUR,CLAIM,APPLIED,3
577,CN-2026-00323,1384,660,9727,2026-08-25 09:52:01,110.00,EUR,CLAIM,APPLIED,4
578,CN-2026-00324,1845,661,9749,2026-06-30 18:12:34,656.20,EUR,CLAIM,ISSUED,3
579,CN-2026-00325,966,662,9768,2026-07-14 13:53:34,85.29,EUR,GOODWILL,APPLIED,5
580,CN-2026-00326,2331,663,9781,2026-08-05 18:15:45,3.33,EUR,CLAIM,APPLIED,5
581,CN-2026-00327,763,664,9790,2026-07-08 08:02:06,110.11,EUR,PRICE_CORRECTION,APPLIED,4
582,CN-2026-00328,600,665,9800,2026-07-21 17:48:55,519.00,EUR,CLAIM,APPLIED,4
583,CN-2026-00329,2250,667,9830,2026-07-29 17:04:49,56.58,EUR,CLAIM,CANCELLED,3
584,CN-2026-00330,381,668,9838,2026-07-27 17:31:20,35.23,EUR,CLAIM,APPLIED,3
585,CN-2026-00331,745,669,9848,2026-06-30 17:10:25,195.04,EUR,GOODWILL,ISSUED,5
586,CN-2026-00332,1562,670,9850,2026-07-20 08:29:04,574.90,EUR,CLAIM,APPLIED,4
587,CN-2026-00333,1134,671,9866,2026-07-28 12:42:02,263.33,EUR,GOODWILL,ISSUED,5
588,CN-2026-00334,1287,672,9880,2026-08-13 13:22:22,430.27,EUR,GOODWILL,APPLIED,4
589,CN-2026-00335,2012,673,9910,2026-07-01 13:31:27,5.86,EUR,GOODWILL,APPLIED,3
590,CN-2026-00336,1909,675,9933,2026-07-02 13:13:47,67.90,EUR,CLAIM,ISSUED,4
591,CN-2026-00337,1000,676,9936,2026-08-04 13:36:29,36.43,EUR,CLAIM,ISSUED,5
592,CN-2026-00338,1343,677,9946,2026-07-23 13:26:42,1.77,EUR,PRICE_CORRECTION,APPLIED,5
593,CN-2026-00339,1128,678,9957,2026-07-28 17:00:13,238.42,EUR,GOODWILL,APPLIED,3
594,CN-2026-00340,1426,679,9964,2026-06-22 08:43:19,2135.25,EUR,CLAIM,APPLIED,5
595,CN-2026-00341,2260,680,9967,2026-07-20 14:26:39,731.49,EUR,GOODWILL,APPLIED,3
596,CN-2026-00342,836,681,10003,2026-07-09 21:21:10,105.84,EUR,GOODWILL,APPLIED,3
597,CN-2026-00343,1146,683,10013,2026-06-24 15:59:33,4809.30,EUR,CLAIM,APPLIED,4
598,CN-2026-00344,663,684,10025,2026-08-18 09:08:26,121.80,EUR,CLAIM,APPLIED,5
599,CN-2026-00345,304,685,10032,2026-06-29 10:40:12,8.48,EUR,CLAIM,APPLIED,3
600,CN-2026-00346,685,687,10057,2026-07-15 17:12:14,81.68,EUR,GOODWILL,APPLIED,5
601,CN-2026-00347,1759,688,10089,2026-07-20 08:43:52,199.80,EUR,PRICE_CORRECTION,APPLIED,5
602,CN-2026-00348,1143,689,10090,2026-07-16 14:14:23,12.14,EUR,CLAIM,APPLIED,3
603,CN-2026-00349,905,690,10101,2026-07-20 14:43:55,1414.51,EUR,GOODWILL,ISSUED,5
604,CN-2026-00350,1697,693,10137,2026-07-23 10:13:40,470.62,EUR,GOODWILL,APPLIED,4
605,CN-2026-00351,799,695,10175,2026-07-06 19:34:26,7.67,EUR,PRICE_CORRECTION,ISSUED,3
606,CN-2026-00352,879,696,10186,2026-06-24 12:42:00,1922.38,EUR,GOODWILL,APPLIED,4
607,CN-2026-00353,1546,699,10225,2026-07-16 18:25:09,109.19,EUR,GOODWILL,ISSUED,4
608,CN-2026-00354,633,700,10241,2026-07-01 12:24:55,28.00,EUR,CLAIM,APPLIED,4
609,CN-2026-00355,1498,702,10266,2026-07-23 08:09:54,75.96,EUR,CLAIM,APPLIED,3
610,CN-2026-00356,467,703,10292,2026-07-16 10:59:25,3294.00,EUR,CLAIM,APPLIED,4
611,CN-2026-00357,1849,704,10316,2026-07-27 20:59:35,239.75,EUR,GOODWILL,ISSUED,3
612,CN-2026-00358,2181,705,10336,2026-07-07 16:02:44,147.24,EUR,CLAIM,APPLIED,5
613,CN-2026-00359,693,706,10338,2026-07-03 08:12:03,222.07,EUR,CLAIM,APPLIED,4
614,CN-2026-00360,1038,707,10346,2026-08-27 14:59:27,122.40,EUR,CLAIM,APPLIED,5
615,CN-2026-00361,1958,708,10371,2026-08-11 17:06:36,5.73,EUR,CLAIM,APPLIED,5
616,CN-2026-00362,1845,709,10386,2026-07-17 19:07:04,121.57,EUR,GOODWILL,APPLIED,3
617,CN-2026-00363,1297,710,10387,2026-07-07 11:07:30,18.25,EUR,GOODWILL,APPLIED,4
618,CN-2026-00364,2035,711,10403,2026-07-13 15:30:33,1591.70,EUR,CLAIM,APPLIED,3
619,CN-2026-00365,1610,712,10408,2026-06-23 14:16:11,44.81,EUR,CLAIM,APPLIED,4
620,CN-2026-00366,1929,713,10411,2026-07-09 10:18:16,7.72,EUR,CLAIM,APPLIED,4
621,CN-2026-00367,419,714,10424,2026-08-06 14:02:23,181.80,EUR,CLAIM,APPLIED,3
622,CN-2026-00368,71,715,10435,2026-07-07 10:57:57,142.10,EUR,CLAIM,APPLIED,3
623,CN-2026-00369,379,716,10436,2026-08-28 09:47:17,1754.10,EUR,CLAIM,ISSUED,4
624,CN-2026-00370,134,718,10459,2026-07-20 23:05:09,158.50,EUR,GOODWILL,APPLIED,3
625,CN-2026-00371,1645,719,10470,2026-07-10 09:10:29,418.90,EUR,CLAIM,APPLIED,3
626,CN-2026-00372,2229,720,10481,2026-07-16 10:00:52,98.10,EUR,CLAIM,APPLIED,3
627,CN-2026-00373,1475,721,10498,2026-07-10 16:58:16,45.74,EUR,CLAIM,APPLIED,4
628,CN-2026-00374,1369,722,10509,2026-07-01 08:16:45,17275.20,EUR,CLAIM,APPLIED,5
629,CN-2026-00375,994,723,10513,2026-07-16 10:18:27,158.50,EUR,CLAIM,APPLIED,3
630,CN-2026-00376,2204,726,10598,2026-08-18 12:32:01,9.53,EUR,PRICE_CORRECTION,CANCELLED,3
631,CN-2026-00377,2087,728,10658,2026-09-03 13:03:52,2675.25,EUR,CLAIM,APPLIED,5
632,CN-2026-00378,1824,729,10665,2026-08-18 13:20:46,311.80,EUR,CLAIM,ISSUED,3
633,CN-2026-00379,2111,730,10697,2026-08-03 14:21:57,79.97,EUR,CLAIM,APPLIED,5
634,CN-2026-00380,1545,731,10717,2026-08-31 22:01:31,7.64,EUR,CLAIM,ISSUED,4
635,CN-2026-00381,1369,732,10737,2026-08-20 13:41:35,2465.76,EUR,GOODWILL,ISSUED,5
636,CN-2026-00382,1570,736,10779,2026-08-11 21:40:10,133.50,EUR,CLAIM,APPLIED,5
637,CN-2026-00383,2344,737,10789,2026-08-06 17:49:43,163.25,EUR,RETURN,APPLIED,3
638,CN-2026-00384,235,739,10832,2026-08-31 22:50:39,507.00,EUR,GOODWILL,APPLIED,4
639,CN-2026-00385,1202,740,10855,2026-07-28 15:10:16,5094.42,EUR,CLAIM,ISSUED,4
640,CN-2026-00386,1043,741,10882,2026-08-12 10:19:50,403.29,EUR,GOODWILL,APPLIED,3
641,CN-2026-00387,1035,742,10885,2026-08-27 17:27:23,58.84,EUR,CLAIM,APPLIED,4
642,CN-2026-00388,2310,743,10899,2026-07-29 14:21:20,2.58,EUR,CLAIM,APPLIED,5
643,CN-2026-00389,175,745,10970,2026-08-10 13:45:29,57.24,EUR,PRICE_CORRECTION,APPLIED,3
644,CN-2026-00390,1523,747,10994,2026-08-19 09:50:19,200.40,EUR,CLAIM,ISSUED,3
645,CN-2026-00391,1877,749,11002,2026-08-13 14:57:44,26.67,EUR,CLAIM,APPLIED,3
646,CN-2026-00392,2330,750,11017,2026-07-23 16:00:40,76.90,EUR,CLAIM,APPLIED,5
647,CN-2026-00393,109,751,11023,2026-07-27 11:32:34,514.04,EUR,CLAIM,APPLIED,4
648,CN-2026-00394,1740,752,11047,2026-09-03 08:45:21,619.51,EUR,GOODWILL,APPLIED,4
649,CN-2026-00395,1851,753,11054,2026-08-25 15:14:21,32.38,EUR,CLAIM,APPLIED,5
650,CN-2026-00396,2153,754,11055,2026-08-05 15:58:32,1353.83,EUR,CLAIM,APPLIED,4
651,CN-2026-00397,1822,755,11056,2026-08-11 09:24:47,55.96,EUR,GOODWILL,APPLIED,3
652,CN-2026-00398,291,756,11064,2026-08-13 13:46:59,271.40,EUR,CLAIM,APPLIED,5
653,CN-2026-00399,466,758,11100,2026-08-13 13:33:47,545.70,EUR,CLAIM,ISSUED,5
654,CN-2026-00400,1535,759,11133,2026-08-25 11:11:04,1509.90,EUR,CLAIM,APPLIED,3
655,CN-2026-00401,2054,760,11142,2026-07-21 16:59:47,12.36,EUR,CLAIM,ISSUED,5
656,CN-2026-00402,258,761,11147,2026-09-03 16:18:34,154.04,EUR,GOODWILL,ISSUED,3
657,CN-2026-00403,1998,762,11160,2026-08-24 13:50:00,888.48,EUR,RETURN,ISSUED,5
658,CN-2026-00404,1961,764,11177,2026-08-11 12:05:01,4.91,EUR,GOODWILL,APPLIED,5
659,CN-2026-00405,281,765,11197,2026-09-07 15:49:48,3330.29,EUR,GOODWILL,APPLIED,5
660,CN-2026-00406,1551,766,11200,2026-08-13 10:30:22,44.82,EUR,CLAIM,ISSUED,3
661,CN-2026-00407,1642,767,11229,2026-09-01 12:25:35,1.10,EUR,GOODWILL,APPLIED,5
662,CN-2026-00408,1028,768,11246,2026-09-07 14:08:28,834.54,EUR,CLAIM,APPLIED,5
663,CN-2026-00409,1141,773,11286,2026-09-07 11:49:04,1517.35,EUR,GOODWILL,APPLIED,3
664,CN-2026-00410,1994,777,11310,2026-09-07 18:42:06,599.12,EUR,CLAIM,APPLIED,4
665,CN-2026-00411,2092,778,11319,2026-09-04 08:41:34,709.26,EUR,CLAIM,APPLIED,4
666,CN-2026-00412,1111,779,11329,2026-09-03 09:34:18,780.80,EUR,CLAIM,APPLIED,4
667,CN-2026-00413,2394,783,11344,2026-09-01 13:15:43,182.95,EUR,GOODWILL,APPLIED,5
668,CN-2026-00414,353,785,11353,2026-08-27 17:24:24,578.93,EUR,GOODWILL,APPLIED,3
669,CN-2026-00415,1535,793,11467,2026-09-03 11:06:43,71.70,EUR,CLAIM,APPLIED,5
670,CN-2026-00416,1918,794,11474,2026-09-02 15:30:06,16.15,EUR,GOODWILL,APPLIED,3
671,CN-2026-00417,2199,797,11582,2026-08-26 17:14:17,7.82,EUR,PRICE_CORRECTION,ISSUED,3
672,CN-2026-00418,174,799,11657,2026-08-24 16:25:16,439.80,EUR,GOODWILL,ISSUED,5
673,CN-2026-00419,1416,801,11710,2026-08-27 09:26:09,3.22,EUR,RETURN,APPLIED,4
674,CN-2026-00420,1684,803,11759,2026-09-01 13:04:57,382.27,EUR,GOODWILL,ISSUED,5
675,CN-2026-00421,382,807,11808,2026-08-20 16:03:02,8962.58,EUR,CLAIM,ISSUED,5
676,CN-2026-00422,1883,808,11812,2026-08-25 13:01:44,158.15,EUR,CLAIM,APPLIED,3
677,CN-2026-00423,830,815,11858,2026-09-07 15:18:13,249.80,EUR,CLAIM,APPLIED,3
678,CN-2026-00424,295,816,11867,2026-08-19 16:26:31,180.97,EUR,GOODWILL,ISSUED,4
679,CN-2026-00425,1414,820,11944,2026-08-27 16:47:20,439.00,EUR,CLAIM,APPLIED,4
680,CN-2026-00426,843,821,11967,2026-08-21 08:52:44,1787.48,EUR,GOODWILL,APPLIED,3
681,CN-2026-00427,2222,822,11978,2026-08-19 00:37:50,250.34,EUR,RETURN,ISSUED,4
682,CN-2026-00428,909,823,11983,2026-08-20 17:11:20,18.35,EUR,CLAIM,APPLIED,4
683,CN-2026-00429,668,826,12054,2026-08-31 14:34:21,655.50,EUR,CLAIM,APPLIED,3
684,CN-2026-00430,1481,834,12169,2026-09-02 15:05:34,151.50,EUR,CLAIM,APPLIED,5
685,CN-2026-00431,598,840,12269,2026-09-03 10:22:19,35.44,EUR,CLAIM,ISSUED,3
686,CN-2026-00432,1958,843,12356,2026-08-28 13:06:44,6.98,EUR,GOODWILL,APPLIED,4
687,CN-2026-00433,1659,844,12362,2026-08-28 10:57:55,374.50,EUR,CLAIM,APPLIED,3
