id,return_id,claim_line_id,product_id,quantity,condition,disposition
1,1,3,2769,3,DEFECTIVE,SCRAP
2,1,4,22,6,DEFECTIVE,RETURN_TO_SUPPLIER
3,2,11,1553,1,DEFECTIVE,RETURN_TO_SUPPLIER
4,2,12,1298,1,DEFECTIVE,RETURN_TO_SUPPLIER
5,3,14,2974,4,RESALABLE,RESTOCK
6,4,16,1372,4,RESALABLE,RESTOCK
7,5,18,2000,12,DAMAGED,SCRAP
8,6,19,2465,3,,
9,7,20,1729,15,DAMAGED,SCRAP
10,8,30,1504,12,DEFECTIVE,RETURN_TO_SUPPLIER
11,9,31,1626,2,DAMAGED,SCRAP
12,10,32,1439,1,,
13,11,33,1292,1,DEFECTIVE,RETURN_TO_SUPPLIER
14,12,34,1391,6,DAMAGED,SCRAP
15,12,35,631,6,DAMAGED,SCRAP
16,13,36,935,12,DAMAGED,SCRAP
17,14,38,659,1,DAMAGED,SCRAP
18,15,40,585,2,DEFECTIVE,SCRAP
19,16,41,846,1,DAMAGED,SCRAP
20,17,42,2180,1,,
21,18,43,2630,6,DAMAGED,SCRAP
22,19,48,368,6,RESALABLE,RESTOCK
23,20,49,1406,4,DAMAGED,SCRAP
24,21,50,1932,1,DAMAGED,SCRAP
25,22,59,2446,6,,
26,23,65,2680,1,RESALABLE,RESTOCK
27,24,66,1902,12,DAMAGED,SCRAP
28,24,67,1004,5,DAMAGED,SCRAP
29,25,68,589,15,DAMAGED,SCRAP
30,26,69,385,10,DAMAGED,SCRAP
31,27,75,1725,2,DAMAGED,SCRAP
32,28,76,1384,24,DAMAGED,SCRAP
33,29,77,702,1,DAMAGED,SCRAP
34,29,78,1919,2,DAMAGED,SCRAP
35,30,79,762,4,DAMAGED,SCRAP
36,31,80,1792,6,DAMAGED,SCRAP
37,31,81,1751,1,DAMAGED,SCRAP
38,31,82,2500,10,DAMAGED,SCRAP
39,32,87,1825,20,DAMAGED,SCRAP
40,32,88,205,2,DAMAGED,SCRAP
41,33,93,1403,1,,
42,34,108,167,2,DAMAGED,SCRAP
43,35,115,1742,12,DAMAGED,SCRAP
44,36,116,1485,6,RESALABLE,RESTOCK
45,37,117,2831,2,DAMAGED,SCRAP
46,37,118,428,7,DAMAGED,SCRAP
47,38,120,671,24,DAMAGED,SCRAP
48,39,128,2852,1,DAMAGED,SCRAP
49,39,129,227,1,DAMAGED,SCRAP
50,40,134,428,24,DAMAGED,SCRAP
51,40,135,2865,1,DAMAGED,SCRAP
52,41,136,274,12,DAMAGED,SCRAP
53,42,139,1902,15,DAMAGED,SCRAP
54,42,140,488,6,DAMAGED,SCRAP
55,43,141,2525,5,RESALABLE,RESTOCK
56,44,142,2928,24,DEFECTIVE,RETURN_TO_SUPPLIER
57,45,143,2627,30,RESALABLE,RESTOCK
58,46,144,665,24,DAMAGED,SCRAP
59,47,146,1871,24,DAMAGED,SCRAP
60,47,147,2570,12,DAMAGED,SCRAP
61,48,148,1626,10,RESALABLE,RESTOCK
62,49,150,419,6,RESALABLE,RESTOCK
63,50,155,2707,48,RESALABLE,RESTOCK
64,50,156,944,2,DAMAGED,SCRAP
65,51,157,419,2,RESALABLE,RESTOCK
66,51,158,1233,30,RESALABLE,RESTOCK
67,52,159,731,4,DAMAGED,SCRAP
68,52,160,2766,1,DAMAGED,SCRAP
69,53,161,360,18,RESALABLE,RESTOCK
70,54,165,2594,6,DAMAGED,SCRAP
71,55,166,17,1,RESALABLE,RESTOCK
72,56,169,171,6,RESALABLE,RESTOCK
73,57,170,2586,2,RESALABLE,RESTOCK
74,58,172,1146,4,DEFECTIVE,RETURN_TO_SUPPLIER
75,59,173,1481,1,DAMAGED,SCRAP
76,59,174,715,6,DAMAGED,SCRAP
77,59,175,2645,1,DAMAGED,SCRAP
78,60,176,3157,10,DAMAGED,SCRAP
79,60,177,3158,3,DAMAGED,SCRAP
80,61,178,367,2,DAMAGED,SCRAP
81,62,179,1137,5,DEFECTIVE,RETURN_TO_SUPPLIER
82,63,180,183,9,,
83,64,183,1167,10,DAMAGED,SCRAP
84,65,185,2506,4,DAMAGED,SCRAP
85,65,186,1831,1,DAMAGED,SCRAP
86,66,188,1199,7,DEFECTIVE,SCRAP
87,67,189,2779,2,DEFECTIVE,SCRAP
88,68,199,846,20,DAMAGED,SCRAP
89,69,201,2530,20,RESALABLE,RESTOCK
90,69,202,2784,5,RESALABLE,RESTOCK
91,70,211,2553,2,DAMAGED,SCRAP
92,70,212,113,1,DAMAGED,SCRAP
93,70,213,1520,8,DAMAGED,SCRAP
94,71,217,2210,1,DAMAGED,SCRAP
95,72,218,1553,1,,
96,72,219,682,24,,
97,72,220,1034,1,,
98,73,221,948,10,DAMAGED,SCRAP
99,73,222,2304,4,DAMAGED,SCRAP
100,74,223,2378,12,DAMAGED,SCRAP
101,74,224,789,1,DAMAGED,SCRAP
102,75,225,3164,24,RESALABLE,RESTOCK
103,75,226,464,2,RESALABLE,RESTOCK
104,76,228,1738,12,DEFECTIVE,SCRAP
105,76,229,3037,2,DEFECTIVE,SCRAP
106,77,230,286,12,DAMAGED,SCRAP
107,78,231,752,9,DAMAGED,SCRAP
108,79,232,2193,5,,
109,79,233,779,1,,
110,80,235,2256,1,DAMAGED,SCRAP
111,81,236,2571,20,RESALABLE,RESTOCK
112,82,237,2575,4,DEFECTIVE,RETURN_TO_SUPPLIER
113,83,238,3032,1,DAMAGED,SCRAP
114,83,239,1001,24,DAMAGED,SCRAP
115,83,240,380,1,DAMAGED,SCRAP
116,84,243,224,48,DEFECTIVE,SCRAP
117,84,244,1824,1,DEFECTIVE,RETURN_TO_SUPPLIER
118,85,245,1808,3,DAMAGED,SCRAP
119,85,246,566,1,DAMAGED,SCRAP
120,86,247,2394,1,DAMAGED,SCRAP
121,86,248,2553,5,DAMAGED,SCRAP
122,86,249,1153,20,DAMAGED,SCRAP
123,87,250,1071,6,RESALABLE,RESTOCK
124,88,251,907,3,DAMAGED,SCRAP
125,89,252,1227,2,DAMAGED,SCRAP
126,90,254,883,1,DAMAGED,SCRAP
127,90,255,1410,12,DAMAGED,SCRAP
128,91,262,1721,1,DAMAGED,SCRAP
129,91,263,416,9,DAMAGED,SCRAP
130,92,269,1032,3,DAMAGED,SCRAP
131,93,271,1253,4,DAMAGED,SCRAP
132,94,272,167,5,DAMAGED,SCRAP
133,95,273,1818,1,DAMAGED,SCRAP
134,95,274,796,12,DAMAGED,SCRAP
135,96,278,757,1,DAMAGED,SCRAP
136,97,281,1071,2,DAMAGED,SCRAP
137,98,282,944,3,DEFECTIVE,RETURN_TO_SUPPLIER
138,99,283,2723,10,DAMAGED,SCRAP
139,100,293,223,10,DEFECTIVE,RETURN_TO_SUPPLIER
140,101,295,1752,1,,
141,102,296,1863,2,DEFECTIVE,SCRAP
142,102,297,1764,1,DEFECTIVE,RETURN_TO_SUPPLIER
143,103,298,480,18,DAMAGED,SCRAP
144,103,299,3128,1,DAMAGED,SCRAP
145,103,300,2329,12,DAMAGED,SCRAP
146,104,301,462,3,DEFECTIVE,RETURN_TO_SUPPLIER
147,105,304,2600,3,DEFECTIVE,RETURN_TO_SUPPLIER
148,106,307,216,1,DAMAGED,SCRAP
149,106,308,671,1,DAMAGED,SCRAP
150,106,309,2953,1,DAMAGED,SCRAP
151,107,310,735,20,RESALABLE,RESTOCK
152,108,311,2397,18,DAMAGED,SCRAP
153,108,312,946,1,DAMAGED,SCRAP
154,109,316,2571,6,DEFECTIVE,SCRAP
155,110,321,1439,5,DEFECTIVE,RETURN_TO_SUPPLIER
156,110,322,594,24,DEFECTIVE,RETURN_TO_SUPPLIER
157,111,324,1003,1,DAMAGED,SCRAP
158,112,326,693,2,DEFECTIVE,RETURN_TO_SUPPLIER
159,112,327,2628,1,DEFECTIVE,RETURN_TO_SUPPLIER
160,112,328,730,4,DEFECTIVE,RETURN_TO_SUPPLIER
161,113,329,262,3,RESALABLE,RESTOCK
162,114,330,837,2,DAMAGED,SCRAP
163,115,331,271,1,DAMAGED,SCRAP
164,116,337,784,4,DAMAGED,SCRAP
165,116,338,3037,4,DAMAGED,SCRAP
166,117,349,1176,1,DAMAGED,SCRAP
167,118,351,2394,12,RESALABLE,RESTOCK
168,119,352,2413,1,DAMAGED,SCRAP
169,119,353,1631,5,DAMAGED,SCRAP
170,120,354,2715,5,DAMAGED,SCRAP
171,120,355,1067,4,RESALABLE,RESTOCK
172,121,356,288,1,DEFECTIVE,SCRAP
173,122,357,1899,24,DEFECTIVE,RETURN_TO_SUPPLIER
174,123,358,1925,3,DAMAGED,SCRAP
175,124,359,2272,30,DAMAGED,SCRAP
176,124,360,2061,5,DAMAGED,SCRAP
177,125,362,997,2,DEFECTIVE,RETURN_TO_SUPPLIER
178,126,363,1975,12,DEFECTIVE,RETURN_TO_SUPPLIER
179,127,364,1622,5,RESALABLE,RESTOCK
180,127,365,488,6,DAMAGED,SCRAP
181,128,366,666,1,DAMAGED,SCRAP
182,128,367,2031,6,DAMAGED,SCRAP
183,129,376,2900,3,DAMAGED,SCRAP
184,129,377,1214,4,DAMAGED,SCRAP
185,130,378,1371,1,DAMAGED,SCRAP
186,130,379,2221,1,DAMAGED,SCRAP
187,131,383,3036,7,DEFECTIVE,SCRAP
188,132,384,229,3,DAMAGED,SCRAP
189,133,392,3092,12,RESALABLE,RESTOCK
190,133,393,202,1,RESALABLE,RESTOCK
191,133,394,1295,6,RESALABLE,RESTOCK
192,134,395,999,1,DEFECTIVE,RETURN_TO_SUPPLIER
193,135,399,2796,1,RESALABLE,RESTOCK
194,136,404,926,3,DEFECTIVE,RETURN_TO_SUPPLIER
195,136,405,2906,12,DEFECTIVE,RETURN_TO_SUPPLIER
196,137,409,2766,2,,
197,137,410,2944,48,,
198,138,412,1789,4,RESALABLE,RESTOCK
199,138,413,344,18,DAMAGED,SCRAP
200,138,414,1084,5,RESALABLE,RESTOCK
201,139,417,1516,10,DAMAGED,SCRAP
202,140,420,560,2,,
203,141,422,183,3,DEFECTIVE,RETURN_TO_SUPPLIER
204,141,423,563,10,DEFECTIVE,SCRAP
205,141,424,346,2,DEFECTIVE,RETURN_TO_SUPPLIER
206,142,425,2977,1,DAMAGED,SCRAP
207,143,426,99,6,DEFECTIVE,RETURN_TO_SUPPLIER
208,144,427,2564,5,DAMAGED,SCRAP
209,144,428,1204,9,DAMAGED,SCRAP
210,144,429,3107,2,DAMAGED,SCRAP
211,145,430,2468,12,DAMAGED,SCRAP
212,146,431,339,1,,
213,147,432,983,24,DEFECTIVE,RETURN_TO_SUPPLIER
214,147,433,2521,9,DEFECTIVE,RETURN_TO_SUPPLIER
215,147,434,2645,3,DEFECTIVE,RETURN_TO_SUPPLIER
216,148,436,644,2,DAMAGED,SCRAP
217,149,437,469,15,RESALABLE,RESTOCK
218,150,438,3184,18,RESALABLE,RESTOCK
219,151,443,1510,6,DAMAGED,SCRAP
220,151,444,2999,6,DAMAGED,SCRAP
221,152,445,742,1,RESALABLE,RESTOCK
222,152,446,1885,48,RESALABLE,RESTOCK
223,153,447,660,4,DAMAGED,SCRAP
224,154,448,2645,1,DAMAGED,SCRAP
225,155,452,1660,2,DAMAGED,SCRAP
226,155,453,1184,3,DAMAGED,SCRAP
227,155,454,2527,3,DAMAGED,SCRAP
228,156,455,2251,8,RESALABLE,RESTOCK
229,157,456,1015,6,RESALABLE,RESTOCK
230,157,457,510,24,RESALABLE,RESTOCK
231,158,458,3073,20,DEFECTIVE,SCRAP
232,158,459,593,15,DEFECTIVE,RETURN_TO_SUPPLIER
233,159,460,2827,4,DAMAGED,SCRAP
234,159,461,3003,10,DAMAGED,SCRAP
235,159,462,2041,1,DAMAGED,SCRAP
236,160,463,193,1,DAMAGED,SCRAP
237,161,465,2360,3,DAMAGED,SCRAP
238,161,466,1633,15,DAMAGED,SCRAP
239,161,467,1198,3,DAMAGED,SCRAP
240,162,468,445,1,RESALABLE,RESTOCK
241,163,470,1880,24,DAMAGED,SCRAP
242,163,471,481,20,RESALABLE,RESTOCK
243,164,474,2946,3,DEFECTIVE,RETURN_TO_SUPPLIER
244,165,475,179,1,DEFECTIVE,RETURN_TO_SUPPLIER
245,165,476,2651,10,DEFECTIVE,RETURN_TO_SUPPLIER
246,166,477,2272,36,DEFECTIVE,RETURN_TO_SUPPLIER
247,166,478,458,12,DEFECTIVE,RETURN_TO_SUPPLIER
248,167,479,3114,4,DAMAGED,SCRAP
249,168,480,2871,3,DAMAGED,SCRAP
250,168,481,1633,3,DAMAGED,SCRAP
251,169,483,843,1,DAMAGED,SCRAP
252,169,484,1065,36,DAMAGED,SCRAP
253,170,490,3164,18,DAMAGED,SCRAP
254,171,500,2860,4,DAMAGED,SCRAP
255,172,501,2251,2,RESALABLE,RESTOCK
256,173,505,1362,12,DAMAGED,SCRAP
257,173,506,1199,24,DAMAGED,SCRAP
258,174,511,2464,6,RESALABLE,RESTOCK
259,175,519,2975,9,,
260,176,520,2434,2,RESALABLE,RESTOCK
261,177,521,830,2,DAMAGED,SCRAP
262,177,522,906,10,DAMAGED,SCRAP
263,178,527,2890,1,DAMAGED,SCRAP
264,178,528,2338,6,DAMAGED,SCRAP
265,179,530,513,2,DAMAGED,SCRAP
266,179,531,1211,1,DAMAGED,SCRAP
267,180,532,1612,1,DEFECTIVE,RETURN_TO_SUPPLIER
268,181,533,944,1,RESALABLE,RESTOCK
269,182,534,271,5,RESALABLE,RESTOCK
270,182,535,2642,12,RESALABLE,RESTOCK
271,183,536,381,3,RESALABLE,RESTOCK
272,184,537,286,6,RESALABLE,RESTOCK
273,185,538,719,24,DAMAGED,SCRAP
274,185,539,503,3,DAMAGED,SCRAP
275,186,543,244,2,RESALABLE,RESTOCK
276,187,547,2944,12,DAMAGED,SCRAP
277,187,548,2645,10,DAMAGED,SCRAP
278,188,549,2946,2,DAMAGED,SCRAP
279,188,550,3134,6,RESALABLE,RESTOCK
280,189,552,771,24,DAMAGED,SCRAP
281,190,557,3157,1,DAMAGED,SCRAP
282,191,559,1368,2,RESALABLE,RESTOCK
283,192,561,560,10,RESALABLE,RESTOCK
284,192,562,1728,18,RESALABLE,RESTOCK
285,193,563,805,2,RESALABLE,RESTOCK
286,194,565,1171,96,DAMAGED,SCRAP
287,195,569,733,1,DAMAGED,SCRAP
288,196,570,1499,1,DEFECTIVE,RETURN_TO_SUPPLIER
289,197,575,1609,8,RESALABLE,RESTOCK
290,197,576,1902,24,DAMAGED,SCRAP
291,198,577,1602,1,DAMAGED,SCRAP
292,198,578,1373,9,DAMAGED,SCRAP
293,199,579,2669,12,DAMAGED,SCRAP
294,200,583,224,12,DEFECTIVE,SCRAP
295,201,589,177,4,DEFECTIVE,RETURN_TO_SUPPLIER
296,201,590,1504,1,DEFECTIVE,RETURN_TO_SUPPLIER
297,201,591,459,1,DEFECTIVE,SCRAP
298,202,592,2768,48,DAMAGED,SCRAP
299,203,593,2738,3,RESALABLE,RESTOCK
300,204,594,779,5,RESALABLE,RESTOCK
301,205,599,1555,2,DAMAGED,SCRAP
302,205,600,1303,5,DAMAGED,SCRAP
303,206,603,1479,1,DAMAGED,SCRAP
304,207,605,58,3,DAMAGED,SCRAP
305,207,606,2944,3,DAMAGED,SCRAP
306,207,607,601,24,DAMAGED,SCRAP
307,208,608,2974,5,RESALABLE,RESTOCK
308,209,609,846,1,DAMAGED,SCRAP
309,209,610,368,10,DAMAGED,SCRAP
310,210,611,2720,1,DAMAGED,SCRAP
311,211,614,2021,2,DAMAGED,SCRAP
312,212,616,1353,6,RESALABLE,RESTOCK
313,213,617,1517,8,DAMAGED,SCRAP
314,214,619,1559,4,DAMAGED,SCRAP
315,215,620,1227,1,DAMAGED,SCRAP
316,216,629,876,24,DAMAGED,SCRAP
317,217,632,2954,1,,
318,218,633,409,5,DAMAGED,SCRAP
319,218,634,2846,6,DAMAGED,SCRAP
320,219,635,1380,3,DAMAGED,SCRAP
321,219,636,513,1,DAMAGED,SCRAP
322,220,637,585,1,DAMAGED,SCRAP
323,221,641,2089,5,RESALABLE,RESTOCK
324,221,642,520,2,RESALABLE,RESTOCK
325,222,647,2251,1,DAMAGED,SCRAP
326,223,652,1220,1,RESALABLE,RESTOCK
327,223,653,1371,1,RESALABLE,RESTOCK
328,223,654,1853,6,RESALABLE,RESTOCK
329,224,655,2272,24,DEFECTIVE,SCRAP
330,225,659,1443,9,DEFECTIVE,RETURN_TO_SUPPLIER
331,226,661,1307,2,DAMAGED,SCRAP
332,226,662,2442,2,DAMAGED,SCRAP
333,226,663,520,1,DAMAGED,SCRAP
334,227,665,1691,24,DAMAGED,SCRAP
335,228,666,2837,1,DAMAGED,SCRAP
336,228,667,1912,5,DAMAGED,SCRAP
337,228,668,2638,12,DAMAGED,SCRAP
338,229,670,2766,12,RESALABLE,RESTOCK
339,229,671,1475,2,RESALABLE,RESTOCK
340,230,672,720,20,RESALABLE,RESTOCK
341,231,675,1157,1,DAMAGED,SCRAP
342,231,676,1170,1,DAMAGED,SCRAP
343,232,677,2500,5,RESALABLE,RESTOCK
344,232,678,2661,12,RESALABLE,RESTOCK
345,232,679,1021,6,RESALABLE,RESTOCK
346,233,680,585,1,DAMAGED,SCRAP
347,234,682,1940,15,DAMAGED,SCRAP
348,234,683,1543,24,DAMAGED,SCRAP
349,235,684,3051,10,DAMAGED,SCRAP
350,236,687,3019,20,DEFECTIVE,RETURN_TO_SUPPLIER
351,237,688,710,2,DAMAGED,SCRAP
352,237,689,2474,10,DAMAGED,SCRAP
353,237,690,1911,2,DAMAGED,SCRAP
354,238,693,200,2,DEFECTIVE,RETURN_TO_SUPPLIER
355,239,694,1896,6,DAMAGED,SCRAP
356,239,695,2888,1,DAMAGED,SCRAP
357,240,696,2195,1,DAMAGED,SCRAP
358,240,697,1652,1,DAMAGED,SCRAP
359,240,698,2718,24,DAMAGED,SCRAP
360,241,700,1504,1,DAMAGED,SCRAP
361,241,701,1406,6,DAMAGED,SCRAP
362,242,702,465,1,DAMAGED,SCRAP
363,243,703,2026,2,DAMAGED,SCRAP
364,244,708,480,12,DAMAGED,SCRAP
365,244,709,2838,1,DAMAGED,SCRAP
366,245,711,2902,24,DAMAGED,SCRAP
367,245,712,1165,12,DAMAGED,SCRAP
368,246,713,1946,20,RESALABLE,RESTOCK
369,247,717,2500,6,RESALABLE,RESTOCK
370,248,719,713,1,DAMAGED,SCRAP
371,249,720,1407,6,,
372,250,723,949,12,RESALABLE,RESTOCK
373,250,724,1299,10,RESALABLE,RESTOCK
374,250,725,381,20,RESALABLE,RESTOCK
375,251,726,1156,30,RESALABLE,RESTOCK
376,252,729,3065,5,RESALABLE,RESTOCK
377,253,730,2087,10,DEFECTIVE,RETURN_TO_SUPPLIER
378,253,731,1181,1,DEFECTIVE,RETURN_TO_SUPPLIER
379,253,732,122,3,DEFECTIVE,SCRAP
380,254,733,1318,6,DAMAGED,SCRAP
381,255,738,883,5,DEFECTIVE,RETURN_TO_SUPPLIER
382,256,742,468,48,DAMAGED,SCRAP
383,257,744,2527,4,RESALABLE,RESTOCK
384,257,745,2272,60,DAMAGED,SCRAP
385,258,746,295,2,DAMAGED,SCRAP
386,259,758,2072,10,RESALABLE,RESTOCK
387,259,759,337,5,RESALABLE,RESTOCK
388,259,760,1164,10,DAMAGED,SCRAP
389,260,763,1863,10,DAMAGED,SCRAP
390,261,765,812,6,RESALABLE,RESTOCK
391,262,766,2226,9,DEFECTIVE,SCRAP
392,263,767,2042,1,,
393,264,777,2057,6,DAMAGED,SCRAP
394,264,778,3190,2,DAMAGED,SCRAP
395,265,779,41,2,DEFECTIVE,RETURN_TO_SUPPLIER
396,266,791,2750,12,DAMAGED,SCRAP
397,267,796,790,30,DEFECTIVE,SCRAP
398,268,797,271,1,DEFECTIVE,RETURN_TO_SUPPLIER
399,269,800,365,9,DAMAGED,SCRAP
400,269,801,299,1,DAMAGED,SCRAP
401,270,803,2900,12,RESALABLE,RESTOCK
402,271,804,1440,10,DAMAGED,SCRAP
403,272,805,133,9,DEFECTIVE,RETURN_TO_SUPPLIER
404,273,808,2527,20,DEFECTIVE,RETURN_TO_SUPPLIER
405,274,816,1967,30,DAMAGED,SCRAP
406,275,817,2645,2,RESALABLE,RESTOCK
407,276,826,3131,2,RESALABLE,RESTOCK
408,276,827,2836,1,RESALABLE,RESTOCK
409,277,828,1763,30,RESALABLE,RESTOCK
410,277,829,779,6,RESALABLE,RESTOCK
411,278,830,1539,3,DEFECTIVE,SCRAP
412,279,837,1876,10,DAMAGED,SCRAP
413,280,839,2256,1,DAMAGED,SCRAP
414,281,840,2279,1,DAMAGED,SCRAP
415,282,846,2738,1,DAMAGED,SCRAP
416,282,847,2050,10,DAMAGED,SCRAP
417,283,848,832,2,DAMAGED,SCRAP
418,283,849,535,1,DAMAGED,SCRAP
419,284,851,652,3,DEFECTIVE,RETURN_TO_SUPPLIER
420,285,852,1288,1,DAMAGED,SCRAP
421,285,853,1485,6,DAMAGED,SCRAP
422,286,855,671,24,RESALABLE,RESTOCK
423,287,870,737,12,RESALABLE,RESTOCK
424,287,871,2087,20,RESALABLE,RESTOCK
425,288,872,2536,48,DAMAGED,SCRAP
426,288,873,2888,1,DAMAGED,SCRAP
427,289,895,1937,1,RESALABLE,RESTOCK
428,290,899,2976,2,,
429,290,900,665,48,,
430,290,901,193,6,,
431,291,912,253,5,RESALABLE,RESTOCK
432,291,913,1503,12,RESALABLE,RESTOCK
433,292,917,3141,6,,
434,293,932,174,4,,
435,294,936,3134,10,DAMAGED,SCRAP
