id,rma_number,claim_id,customer_id,warehouse_id,status,authorised_at,received_at,inspected_at,authorised_by,notes
1,RMA-2025-00001,2,87,3,CLOSED,2025-09-04 16:42:18,2025-09-08 16:33:38,2025-09-10 16:14:40,5,
2,RMA-2025-00002,7,1659,2,CLOSED,2025-09-02 10:49:11,2025-09-04 08:48:24,2025-09-08 16:02:06,5,
3,RMA-2025-00003,11,667,1,CLOSED,2025-07-16 22:35:07,2025-07-24 09:35:10,2025-07-28 16:58:54,3,Return label sent to the store.
4,RMA-2025-00004,13,1230,2,CLOSED,2025-08-05 10:50:51,2025-08-12 15:10:52,2025-08-12 17:43:14,5,Goods to be inspected before credit.
5,RMA-2025-00005,15,311,2,CLOSED,2025-08-05 13:23:39,2025-08-12 16:40:09,2025-08-12 19:40:09,3,
6,RMA-2025-00006,16,2377,2,CANCELLED,2025-08-12 15:35:15,,,4,Customer returns with next scheduled pickup.
7,RMA-2025-00007,17,1768,1,CLOSED,2025-08-11 09:53:52,2025-08-19 07:51:00,2025-08-19 14:27:56,3,Customer returns with next scheduled pickup.
8,RMA-2025-00008,28,333,2,CLOSED,2025-08-11 13:50:11,2025-08-20 11:29:45,2025-08-22 11:49:17,3,Goods to be inspected before credit.
9,RMA-2025-00009,29,62,2,INSPECTED,2025-08-12 16:25:39,2025-08-15 07:22:52,2025-08-18 11:02:33,4,
10,RMA-2025-00010,30,1414,2,CANCELLED,2025-08-26 12:58:04,,,5,Return label sent to the store.
11,RMA-2025-00011,31,1831,2,CLOSED,2025-08-22 12:10:07,2025-08-27 14:52:30,2025-08-29 15:25:29,3,
12,RMA-2025-00012,32,1100,2,CLOSED,2025-07-21 16:19:11,2025-07-24 14:21:24,2025-07-24 16:22:06,4,
13,RMA-2025-00013,33,12,1,CLOSED,2025-08-04 11:58:20,2025-08-06 13:54:31,2025-08-08 10:32:29,3,
14,RMA-2025-00014,36,195,2,CLOSED,2025-07-18 12:27:48,2025-07-23 14:34:11,2025-07-25 11:08:41,4,Customer returns with next scheduled pickup.
15,RMA-2025-00015,38,1557,1,CLOSED,2025-07-31 13:35:33,2025-08-08 11:20:09,2025-08-11 17:12:37,4,Return label sent to the store.
16,RMA-2025-00016,41,677,1,CLOSED,2025-09-04 11:29:27,2025-09-12 10:22:54,2025-09-15 11:57:52,4,Return label sent to the store.
17,RMA-2025-00017,42,486,1,CANCELLED,2025-09-05 12:43:23,,,5,
18,RMA-2025-00018,43,1415,2,CLOSED,2025-08-18 15:38:00,2025-08-22 10:56:33,2025-08-25 10:31:51,3,
19,RMA-2025-00019,47,2280,3,CLOSED,2025-08-27 15:03:28,2025-09-02 15:13:23,2025-09-05 10:35:28,5,"Photos received, return authorised without inspection."
20,RMA-2025-00020,49,1220,2,CLOSED,2025-09-15 13:03:24,2025-09-19 15:34:45,2025-09-22 10:45:56,5,Return label sent to the store.
21,RMA-2025-00021,50,740,1,CLOSED,2025-08-25 16:45:20,2025-09-03 08:14:23,2025-09-05 10:58:50,3,Goods to be inspected before credit.
22,RMA-2025-00022,59,1974,1,CANCELLED,2025-09-01 17:04:53,,,4,
23,RMA-2025-00023,64,2337,1,CLOSED,2025-09-01 14:28:35,2025-09-10 10:30:12,2025-09-10 10:48:46,4,Return label sent to the store.
24,RMA-2025-00024,66,329,1,CLOSED,2025-08-07 18:28:14,2025-08-13 14:20:32,2025-08-15 08:24:24,3,Return label sent to the store.
25,RMA-2025-00025,67,617,1,CLOSED,2025-09-01 12:14:06,2025-09-08 10:30:21,2025-09-09 17:17:41,4,
26,RMA-2025-00026,68,384,1,CLOSED,2025-08-27 09:33:23,2025-09-05 13:37:15,2025-09-08 17:00:08,4,Return label sent to the store.
27,RMA-2025-00027,71,2211,1,CLOSED,2025-09-02 17:44:33,2025-09-08 11:53:45,2025-09-10 11:09:14,5,Goods to be inspected before credit.
28,RMA-2025-00028,72,2323,2,CLOSED,2025-08-26 15:31:32,2025-09-04 15:04:51,2025-09-05 12:23:14,3,"Photos received, return authorised without inspection."
29,RMA-2025-00029,73,1726,2,CLOSED,2025-09-08 09:51:01,2025-09-12 14:29:05,2025-09-15 16:31:11,3,Customer returns with next scheduled pickup.
30,RMA-2025-00030,74,1353,3,CLOSED,2025-09-11 19:11:28,2025-09-22 08:19:06,2025-09-24 13:51:51,3,
31,RMA-2025-00031,76,857,1,CLOSED,2025-09-01 15:07:32,2025-09-10 07:13:02,2025-09-12 14:58:43,5,Return label sent to the store.
32,RMA-2025-00032,79,1100,2,CLOSED,2025-08-22 12:44:50,2025-08-26 16:58:37,2025-08-26 17:58:37,5,
33,RMA-2025-00033,83,852,1,CANCELLED,2025-10-06 10:34:48,,,3,"Photos received, return authorised without inspection."
34,RMA-2025-00034,102,810,1,CLOSED,2025-08-11 16:56:38,2025-08-19 16:44:08,2025-08-20 08:29:42,5,Goods to be inspected before credit.
35,RMA-2025-00035,107,1,1,CLOSED,2025-08-27 17:30:02,2025-09-01 15:45:02,2025-09-03 15:03:48,3,Goods to be inspected before credit.
36,RMA-2025-00036,108,1065,2,INSPECTED,2025-08-25 16:10:45,2025-09-02 11:37:00,2025-09-04 14:10:29,3,
37,RMA-2025-00037,109,1990,2,CLOSED,2025-09-12 11:26:15,2025-09-15 15:43:32,2025-09-18 11:19:42,4,Return label sent to the store.
38,RMA-2025-00038,112,1091,3,INSPECTED,2025-08-22 10:37:59,2025-08-28 14:03:54,2025-09-01 08:01:02,5,
39,RMA-2025-00039,119,344,2,CLOSED,2025-09-22 10:54:06,2025-09-29 14:05:34,2025-10-02 11:30:08,3,
40,RMA-2025-00040,123,1283,1,CLOSED,2025-10-03 08:49:58,2025-10-13 15:38:11,2025-10-15 09:42:19,5,
41,RMA-2025-00041,125,1651,2,CLOSED,2025-10-03 09:52:04,2025-10-07 09:26:55,2025-10-10 14:34:52,5,
42,RMA-2025-00042,128,556,2,CLOSED,2025-10-06 13:53:17,2025-10-08 09:37:56,2025-10-10 16:28:14,4,Return label sent to the store.
43,RMA-2025-00043,130,1605,1,CLOSED,2025-10-08 13:25:05,2025-10-16 15:08:26,2025-10-17 16:47:30,4,
44,RMA-2025-00044,131,177,2,INSPECTED,2025-10-01 16:24:43,2025-10-10 08:01:43,2025-10-13 14:05:40,3,
45,RMA-2025-00045,132,1050,2,CLOSED,2025-11-05 08:10:15,2025-11-10 08:16:26,2025-11-10 17:18:24,5,"Photos received, return authorised without inspection."
46,RMA-2025-00046,133,1659,2,CLOSED,2025-10-02 11:40:09,2025-10-07 12:28:55,2025-10-08 10:00:47,5,Return label sent to the store.
47,RMA-2025-00047,135,2371,1,CLOSED,2025-09-24 14:03:26,2025-09-29 10:42:59,2025-09-30 11:32:29,4,Goods to be inspected before credit.
48,RMA-2025-00048,136,1481,2,INSPECTED,2025-09-18 16:45:12,2025-09-25 13:10:06,2025-09-25 14:20:58,5,Goods to be inspected before credit.
49,RMA-2025-00049,138,2175,2,CLOSED,2025-09-16 17:47:13,2025-09-22 15:16:25,2025-09-25 16:09:56,4,"Photos received, return authorised without inspection."
50,RMA-2025-00050,146,1433,2,CLOSED,2025-09-17 17:25:49,2025-09-22 16:02:36,2025-09-24 12:58:14,4,
51,RMA-2025-00051,147,329,1,INSPECTED,2025-09-25 16:25:52,2025-10-03 07:38:53,2025-10-06 13:46:23,4,Return label sent to the store.
52,RMA-2025-00052,148,744,2,CLOSED,2025-09-19 11:43:45,2025-09-29 09:32:06,2025-09-29 12:52:24,4,
53,RMA-2025-00053,150,1481,2,CLOSED,2025-10-02 11:15:44,2025-10-07 13:46:05,2025-10-10 13:32:52,5,Goods to be inspected before credit.
54,RMA-2025-00054,156,748,2,CLOSED,2025-09-29 17:25:44,2025-10-06 08:43:12,2025-10-09 14:28:49,5,
55,RMA-2025-00055,158,824,2,CLOSED,2025-10-02 11:03:24,2025-10-06 12:44:52,2025-10-09 11:47:23,5,Goods to be inspected before credit.
56,RMA-2025-00056,161,1130,2,CLOSED,2025-10-03 16:50:30,2025-10-06 08:31:23,2025-10-08 12:47:42,3,Return label sent to the store.
57,RMA-2025-00057,162,1102,2,CLOSED,2025-09-26 15:41:54,2025-10-02 14:33:10,2025-10-06 15:18:17,5,"Photos received, return authorised without inspection."
58,RMA-2025-00058,164,865,2,INSPECTED,2025-12-10 09:41:20,2025-12-15 11:46:37,2025-12-17 16:04:16,4,Customer returns with next scheduled pickup.
59,RMA-2025-00059,167,2142,3,INSPECTED,2025-10-15 14:03:34,2025-10-20 10:36:48,2025-10-23 09:24:58,4,Customer returns with next scheduled pickup.
60,RMA-2025-00060,169,1623,3,CLOSED,2025-09-22 13:28:51,2025-09-30 09:26:43,2025-10-01 08:12:05,4,
61,RMA-2025-00061,170,1648,2,CLOSED,2025-10-06 15:49:13,2025-10-13 12:56:29,2025-10-14 11:39:29,4,Goods to be inspected before credit.
62,RMA-2025-00062,171,1,1,CLOSED,2025-10-24 11:29:15,2025-10-27 14:37:25,2025-10-27 20:37:25,3,
63,RMA-2025-00063,172,2049,1,CANCELLED,2025-10-07 13:14:12,,,3,Goods to be inspected before credit.
64,RMA-2025-00064,176,1899,1,CLOSED,2025-10-27 08:48:40,2025-11-03 07:17:52,2025-11-05 14:36:40,3,Goods to be inspected before credit.
65,RMA-2025-00065,179,2375,2,CLOSED,2025-10-23 11:25:52,2025-10-27 10:49:00,2025-10-30 10:42:02,4,Goods to be inspected before credit.
66,RMA-2025-00066,183,903,3,CLOSED,2025-11-10 16:03:52,2025-11-14 12:54:51,2025-11-14 16:36:36,4,Goods to be inspected before credit.
67,RMA-2025-00067,184,1807,2,INSPECTED,2025-11-28 15:14:17,2025-12-03 07:21:13,2025-12-05 12:37:45,3,Customer returns with next scheduled pickup.
68,RMA-2025-00068,195,1141,2,CLOSED,2025-11-12 12:56:11,2025-11-14 11:03:20,2025-11-17 10:25:39,3,Goods to be inspected before credit.
69,RMA-2025-00069,197,1436,2,CLOSED,2025-10-27 16:42:30,2025-11-04 08:44:49,2025-11-07 11:08:06,3,"Photos received, return authorised without inspection."
70,RMA-2025-00070,209,685,2,INSPECTED,2025-10-14 11:05:07,2025-10-16 13:20:52,2025-10-20 15:20:39,4,"Photos received, return authorised without inspection."
71,RMA-2025-00071,214,530,2,CLOSED,2025-12-02 16:10:44,2025-12-04 08:01:51,2025-12-08 15:54:28,4,"Photos received, return authorised without inspection."
72,RMA-2025-00072,215,296,1,CANCELLED,2025-11-06 17:33:23,,,5,Return label sent to the store.
73,RMA-2025-00073,217,2306,2,CLOSED,2025-10-16 16:48:25,2025-10-22 11:27:29,2025-10-22 17:27:29,5,
74,RMA-2025-00074,218,365,2,CLOSED,2025-10-15 14:05:18,2025-10-20 10:51:45,2025-10-22 08:15:48,3,Goods to be inspected before credit.
75,RMA-2025-00075,219,1582,2,CLOSED,2025-10-21 12:31:54,2025-10-24 11:44:24,2025-10-27 09:49:41,5,"Photos received, return authorised without inspection."
76,RMA-2025-00076,222,1457,2,CLOSED,2025-11-06 20:18:33,2025-11-11 16:41:19,2025-11-11 20:41:19,4,Customer returns with next scheduled pickup.
77,RMA-2025-00077,223,1189,2,CLOSED,2025-10-28 17:58:16,2025-11-03 07:04:42,2025-11-04 08:21:01,3,Goods to be inspected before credit.
78,RMA-2025-00078,225,2240,2,INSPECTED,2025-10-21 11:41:54,2025-10-23 12:34:12,2025-10-27 16:09:16,4,
79,RMA-2025-00079,226,1481,2,CANCELLED,2025-11-06 10:13:31,,,5,
80,RMA-2025-00080,228,2054,2,CLOSED,2025-11-04 13:07:26,2025-11-12 15:35:24,2025-11-12 16:35:24,5,Return label sent to the store.
81,RMA-2025-00081,229,2113,2,CLOSED,2025-10-24 19:08:32,2025-10-31 08:40:41,2025-11-03 09:11:50,4,
82,RMA-2025-00082,230,1878,2,INSPECTED,2025-11-12 12:24:51,2025-11-17 10:38:45,2025-11-20 10:43:21,4,Return label sent to the store.
83,RMA-2025-00083,232,1919,1,CLOSED,2025-11-03 10:59:17,2025-11-10 15:29:31,2025-11-13 10:36:46,5,Customer returns with next scheduled pickup.
84,RMA-2025-00084,235,1598,2,CLOSED,2025-10-30 14:51:47,2025-11-03 13:45:55,2025-11-05 15:04:56,4,Return label sent to the store.
85,RMA-2025-00085,236,2256,2,CLOSED,2025-10-27 17:43:13,2025-11-03 09:31:23,2025-11-05 14:31:05,4,Return label sent to the store.
86,RMA-2025-00086,237,2281,1,CLOSED,2025-10-17 10:03:52,2025-10-27 09:30:28,2025-10-29 09:15:19,3,Goods to be inspected before credit.
87,RMA-2025-00087,239,1085,2,CLOSED,2025-10-30 09:15:42,2025-11-03 14:02:09,2025-11-04 09:16:52,3,"Photos received, return authorised without inspection."
88,RMA-2025-00088,240,158,1,CLOSED,2025-11-12 14:34:22,2025-11-20 09:44:46,2025-11-24 14:04:23,3,"Photos received, return authorised without inspection."
89,RMA-2025-00089,241,1929,2,CLOSED,2025-11-19 15:50:25,2025-11-24 07:44:43,2025-11-26 08:05:10,5,
90,RMA-2025-00090,244,792,1,CLOSED,2025-12-11 10:32:34,2025-12-16 12:16:11,2025-12-16 14:16:11,5,Return label sent to the store.
91,RMA-2025-00091,248,2208,1,CLOSED,2025-12-03 08:29:08,2025-12-12 15:14:54,2025-12-15 17:10:50,3,Customer returns with next scheduled pickup.
92,RMA-2025-00092,252,591,2,CLOSED,2025-12-10 15:05:48,2025-12-16 13:01:46,2025-12-19 17:31:16,4,Customer returns with next scheduled pickup.
93,RMA-2025-00093,256,2317,3,CLOSED,2025-12-08 15:00:29,2025-12-12 12:26:21,2025-12-15 08:08:42,3,Customer returns with next scheduled pickup.
94,RMA-2025-00094,257,497,2,CLOSED,2025-12-15 19:35:49,2025-12-22 15:53:48,2025-12-23 14:09:28,4,
95,RMA-2025-00095,258,1929,2,CLOSED,2025-12-15 10:37:02,2025-12-22 08:14:29,2025-12-22 13:26:24,3,Return label sent to the store.
96,RMA-2025-00096,261,2068,1,CLOSED,2025-12-04 13:02:50,2025-12-15 12:27:34,2025-12-16 12:35:12,3,
97,RMA-2025-00097,267,1063,2,INSPECTED,2025-12-02 16:47:49,2025-12-08 09:02:30,2025-12-10 12:18:03,5,Return label sent to the store.
98,RMA-2026-00001,268,699,2,CLOSED,2026-01-02 16:47:16,2026-01-12 13:20:12,2026-01-13 11:48:22,3,
99,RMA-2025-00098,269,1236,2,CLOSED,2025-11-21 14:47:08,2025-11-24 11:42:22,2025-11-27 12:59:26,4,Return label sent to the store.
100,RMA-2026-00002,276,1289,2,INSPECTED,2026-01-15 09:31:02,2026-01-20 15:12:39,2026-01-21 17:25:59,3,Return label sent to the store.
101,RMA-2025-00099,278,1000,2,CANCELLED,2025-11-18 12:02:32,,,5,Goods to be inspected before credit.
102,RMA-2025-00100,279,170,1,CLOSED,2025-11-27 09:01:31,2025-12-01 12:57:03,2025-12-04 15:52:56,3,Goods to be inspected before credit.
103,RMA-2025-00101,280,1661,2,CLOSED,2025-11-28 10:48:52,2025-12-04 16:10:08,2025-12-08 09:20:22,3,"Photos received, return authorised without inspection."
104,RMA-2025-00102,281,748,2,CLOSED,2025-12-01 11:59:56,2025-12-08 09:12:57,2025-12-09 17:18:08,3,
105,RMA-2026-00003,283,381,1,CLOSED,2026-01-13 11:55:10,2026-01-22 09:00:35,2026-01-22 16:27:31,3,Customer returns with next scheduled pickup.
106,RMA-2025-00103,285,1919,1,INSPECTED,2025-11-14 14:35:53,2025-11-21 15:16:38,2025-11-24 09:24:52,3,Customer returns with next scheduled pickup.
107,RMA-2025-00104,287,1840,2,INSPECTED,2025-11-07 16:01:17,2025-11-17 14:26:26,2025-11-20 08:51:01,3,Goods to be inspected before credit.
108,RMA-2025-00105,288,1939,2,CLOSED,2025-12-09 12:28:14,2025-12-11 15:15:36,2025-12-15 10:12:33,3,Customer returns with next scheduled pickup.
109,RMA-2026-00004,293,789,3,CLOSED,2026-01-12 09:26:18,2026-01-19 16:58:20,2026-01-22 11:45:31,5,"Photos received, return authorised without inspection."
110,RMA-2026-00005,296,1777,3,INSPECTED,2026-01-02 09:09:31,2026-01-05 09:32:07,2026-01-05 12:32:07,4,"Photos received, return authorised without inspection."
111,RMA-2025-00106,300,1926,1,CLOSED,2025-12-18 11:29:03,2025-12-25 13:21:26,2025-12-29 13:00:58,5,
112,RMA-2026-00006,302,1551,2,CLOSED,2026-01-05 11:53:45,2026-01-08 14:55:17,2026-01-08 15:55:17,4,"Photos received, return authorised without inspection."
113,RMA-2025-00107,303,1896,2,CLOSED,2025-12-25 11:24:49,2025-12-29 08:30:20,2025-12-30 14:49:26,4,Goods to be inspected before credit.
114,RMA-2025-00108,304,612,1,CLOSED,2025-12-22 08:49:53,2025-12-24 14:55:37,2025-12-24 16:55:37,5,Customer returns with next scheduled pickup.
115,RMA-2026-00007,306,822,1,CLOSED,2026-01-07 14:07:48,2026-01-12 09:50:40,2026-01-15 11:52:28,4,
116,RMA-2025-00109,310,495,2,CLOSED,2025-12-10 08:33:22,2025-12-12 10:14:25,2025-12-15 08:42:31,4,Customer returns with next scheduled pickup.
117,RMA-2025-00110,319,1877,1,CLOSED,2025-12-26 09:35:47,2026-01-05 15:43:20,2026-01-05 16:47:00,3,Goods to be inspected before credit.
118,RMA-2026-00008,321,1962,2,CLOSED,2026-01-08 09:32:03,2026-01-12 13:57:16,2026-01-12 15:43:40,5,Customer returns with next scheduled pickup.
119,RMA-2025-00111,322,275,2,CLOSED,2025-12-22 15:49:07,2025-12-29 15:03:49,2025-12-30 11:32:01,3,Customer returns with next scheduled pickup.
120,RMA-2025-00112,323,419,1,CLOSED,2025-12-19 16:43:12,2025-12-25 10:05:26,2025-12-26 13:28:51,3,"Photos received, return authorised without inspection."
121,RMA-2026-00009,324,1282,2,INSPECTED,2026-01-06 10:06:47,2026-01-12 16:57:21,2026-01-15 13:51:30,3,Customer returns with next scheduled pickup.
122,RMA-2026-00010,325,748,2,CLOSED,2026-01-12 14:40:51,2026-01-21 07:47:27,2026-01-21 17:34:51,4,Customer returns with next scheduled pickup.
123,RMA-2026-00011,328,155,1,CLOSED,2026-01-14 17:43:31,2026-01-21 13:59:04,2026-01-21 16:59:04,4,"Photos received, return authorised without inspection."
124,RMA-2026-00012,329,83,2,INSPECTED,2026-01-08 09:51:33,2026-01-13 08:56:04,2026-01-13 13:56:04,4,"Photos received, return authorised without inspection."
125,RMA-2026-00013,331,632,1,CLOSED,2026-02-03 12:06:04,2026-02-10 07:25:31,2026-02-11 15:02:24,5,Goods to be inspected before credit.
126,RMA-2026-00014,333,2262,2,CLOSED,2026-02-09 15:31:03,2026-02-16 10:35:29,2026-02-17 17:47:34,4,
127,RMA-2026-00015,335,1466,2,CLOSED,2026-02-09 13:03:36,2026-02-11 12:06:58,2026-02-16 13:14:37,5,
128,RMA-2026-00016,336,1983,2,CLOSED,2026-01-27 11:05:11,2026-02-03 10:08:21,2026-02-05 10:53:03,5,"Photos received, return authorised without inspection."
129,RMA-2026-00017,341,1754,2,CLOSED,2026-02-02 17:49:46,2026-02-11 10:28:17,2026-02-16 09:25:02,4,Return label sent to the store.
130,RMA-2026-00018,342,422,1,CLOSED,2026-01-21 08:12:50,2026-01-28 08:05:38,2026-01-30 08:51:39,3,"Photos received, return authorised without inspection."
131,RMA-2026-00019,346,571,2,CLOSED,2026-02-09 15:06:52,2026-02-16 14:00:35,2026-02-16 20:00:35,5,Customer returns with next scheduled pickup.
132,RMA-2026-00020,347,2315,1,CLOSED,2026-01-27 15:01:16,2026-02-05 08:51:40,2026-02-06 08:20:01,4,Goods to be inspected before credit.
133,RMA-2026-00021,352,909,2,INSPECTED,2026-02-09 22:25:25,2026-02-13 14:46:05,2026-02-16 11:16:24,5,
134,RMA-2026-00022,353,684,2,CLOSED,2026-02-23 16:09:16,2026-02-26 11:48:46,2026-02-27 12:26:38,3,
135,RMA-2026-00023,357,504,2,CLOSED,2026-02-09 11:42:26,2026-02-16 13:15:46,2026-02-18 08:18:46,4,Customer returns with next scheduled pickup.
136,RMA-2026-00024,360,1869,2,CLOSED,2026-01-22 08:19:13,2026-01-28 10:14:59,2026-01-29 11:24:28,5,
137,RMA-2026-00025,363,291,1,CANCELLED,2026-01-27 11:15:16,,,4,Customer returns with next scheduled pickup.
138,RMA-2026-00026,366,1424,1,CLOSED,2026-02-10 15:53:25,2026-02-13 12:26:01,2026-02-13 15:26:01,3,Customer returns with next scheduled pickup.
139,RMA-2026-00027,368,480,3,CLOSED,2026-02-12 14:17:29,2026-02-16 12:50:23,2026-02-19 10:13:56,5,
140,RMA-2026-00028,372,1109,2,CANCELLED,2026-02-02 15:52:01,,,4,Return label sent to the store.
141,RMA-2026-00029,374,1237,1,CLOSED,2026-02-02 15:12:45,2026-02-11 12:36:55,2026-02-13 10:52:21,5,"Photos received, return authorised without inspection."
142,RMA-2026-00030,375,2114,1,CLOSED,2026-02-05 12:11:43,2026-02-16 10:18:39,2026-02-19 17:06:58,4,
143,RMA-2026-00031,376,1877,1,CLOSED,2026-02-24 15:35:36,2026-03-05 15:26:17,2026-03-09 14:09:54,3,Return label sent to the store.
144,RMA-2026-00032,377,1451,1,CLOSED,2026-01-16 08:55:11,2026-01-20 12:12:25,2026-01-22 11:52:07,4,
145,RMA-2026-00033,379,1496,3,INSPECTED,2026-01-29 17:07:33,2026-02-02 12:50:36,2026-02-02 17:46:23,5,
146,RMA-2026-00034,381,2005,1,CANCELLED,2026-01-19 11:45:26,,,5,Return label sent to the store.
147,RMA-2026-00035,383,1121,2,CLOSED,2026-03-24 13:01:55,2026-04-02 09:10:50,2026-04-06 13:21:11,3,Goods to be inspected before credit.
148,RMA-2026-00036,385,1639,2,CLOSED,2026-02-27 10:56:41,2026-03-02 16:09:30,2026-03-05 14:50:06,3,
149,RMA-2026-00037,386,114,2,CLOSED,2026-02-16 13:18:17,2026-02-20 13:37:23,2026-02-20 18:37:23,5,Customer returns with next scheduled pickup.
150,RMA-2026-00038,390,2267,2,CLOSED,2026-03-06 08:49:14,2026-03-11 07:26:10,2026-03-13 10:58:07,3,"Photos received, return authorised without inspection."
151,RMA-2026-00039,394,2030,2,CLOSED,2026-03-16 13:55:36,2026-03-24 14:04:36,2026-03-27 15:43:03,3,"Photos received, return authorised without inspection."
152,RMA-2026-00040,395,679,2,CLOSED,2026-03-10 17:45:19,2026-03-16 12:45:12,2026-03-17 10:12:25,5,
153,RMA-2026-00041,396,1000,2,CLOSED,2026-03-12 17:38:16,2026-03-19 12:50:08,2026-03-23 13:57:08,3,"Photos received, return authorised without inspection."
154,RMA-2026-00042,398,992,1,CLOSED,2026-03-18 09:57:19,2026-03-25 14:47:06,2026-03-27 09:32:49,3,"Photos received, return authorised without inspection."
155,RMA-2026-00043,400,1150,1,CLOSED,2026-02-23 09:37:48,2026-03-03 12:26:19,2026-03-06 14:42:41,5,Return label sent to the store.
156,RMA-2026-00044,401,566,2,CLOSED,2026-02-23 21:11:59,2026-02-27 09:48:29,2026-02-27 14:05:23,4,"Photos received, return authorised without inspection."
157,RMA-2026-00045,402,453,3,CLOSED,2026-02-25 14:49:29,2026-03-06 14:47:13,2026-03-09 12:37:06,3,
158,RMA-2026-00046,403,1061,1,INSPECTED,2026-03-09 17:06:17,2026-03-16 16:58:52,2026-03-18 17:13:23,5,Customer returns with next scheduled pickup.
159,RMA-2026-00047,405,2353,3,CLOSED,2026-02-11 19:01:58,2026-02-16 15:12:30,2026-02-17 09:16:23,5,Customer returns with next scheduled pickup.
160,RMA-2026-00048,406,530,2,CLOSED,2026-02-27 10:21:39,2026-03-02 07:37:14,2026-03-03 09:52:41,5,
161,RMA-2026-00049,410,379,2,CLOSED,2026-03-05 14:30:15,2026-03-11 15:14:19,2026-03-12 08:15:45,4,"Photos received, return authorised without inspection."
162,RMA-2026-00050,411,1497,1,CLOSED,2026-03-06 13:03:45,2026-03-13 15:05:34,2026-03-13 17:06:21,4,
163,RMA-2026-00051,413,909,2,CLOSED,2026-02-16 12:17:01,2026-02-23 15:39:31,2026-02-24 09:13:57,5,
164,RMA-2026-00052,416,2383,3,INSPECTED,2026-03-26 08:30:53,2026-04-02 12:09:03,2026-04-03 11:31:41,5,Customer returns with next scheduled pickup.
165,RMA-2026-00053,417,1986,1,CLOSED,2026-03-16 10:06:29,2026-03-23 14:30:07,2026-03-23 15:30:07,5,
166,RMA-2026-00054,418,797,1,CLOSED,2026-03-11 17:28:57,2026-03-20 08:59:34,2026-03-20 09:19:09,3,
167,RMA-2026-00055,420,79,2,CLOSED,2026-03-06 09:20:19,2026-03-13 10:23:23,2026-03-13 16:52:00,4,Return label sent to the store.
168,RMA-2026-00056,421,1481,2,CLOSED,2026-02-18 15:54:20,2026-02-20 16:30:06,2026-02-23 10:58:53,5,Return label sent to the store.
169,RMA-2026-00057,425,651,2,CLOSED,2026-04-07 14:52:53,2026-04-14 14:25:29,2026-04-16 16:52:53,3,Return label sent to the store.
170,RMA-2026-00058,430,2054,2,CLOSED,2026-04-17 11:42:31,2026-04-20 09:36:36,2026-04-22 11:11:11,5,Return label sent to the store.
171,RMA-2026-00059,442,300,2,CLOSED,2026-04-03 15:24:26,2026-04-13 12:57:23,2026-04-16 16:19:27,3,
172,RMA-2026-00060,443,2273,2,CLOSED,2026-04-08 09:35:14,2026-04-13 12:34:29,2026-04-15 14:54:12,3,Customer returns with next scheduled pickup.
173,RMA-2026-00061,445,223,2,CLOSED,2026-04-06 08:27:19,2026-04-13 13:19:51,2026-04-16 09:48:02,5,Goods to be inspected before credit.
174,RMA-2026-00062,449,1138,2,CLOSED,2026-03-23 08:24:35,2026-03-30 15:45:02,2026-04-01 10:45:56,3,"Photos received, return authorised without inspection."
175,RMA-2026-00063,456,2155,1,CANCELLED,2026-03-26 09:08:02,,,4,Goods to be inspected before credit.
176,RMA-2026-00064,457,1437,3,CLOSED,2026-04-02 14:40:17,2026-04-06 10:05:04,2026-04-09 11:33:35,3,"Photos received, return authorised without inspection."
177,RMA-2026-00065,458,319,2,CLOSED,2026-03-20 17:13:47,2026-03-30 16:11:40,2026-03-31 13:43:34,4,Return label sent to the store.
178,RMA-2026-00066,463,1949,1,CLOSED,2026-03-30 10:47:05,2026-04-06 13:23:42,2026-04-07 09:17:53,3,Customer returns with next scheduled pickup.
179,RMA-2026-00067,467,795,2,CLOSED,2026-03-31 11:05:57,2026-04-09 11:00:21,2026-04-10 08:32:37,5,
180,RMA-2026-00068,468,1546,1,CLOSED,2026-04-28 16:21:46,2026-04-30 10:04:18,2026-04-30 14:04:18,4,
181,RMA-2026-00069,469,2109,3,CLOSED,2026-03-30 14:20:23,2026-04-03 11:02:50,2026-04-03 16:18:39,4,Customer returns with next scheduled pickup.
182,RMA-2026-00070,470,714,1,CLOSED,2026-03-13 11:51:58,2026-03-20 07:18:26,2026-03-23 14:48:03,5,"Photos received, return authorised without inspection."
183,RMA-2026-00071,471,1682,1,CLOSED,2026-03-25 16:05:35,2026-03-30 12:00:36,2026-04-01 11:13:08,4,
184,RMA-2026-00072,472,1521,2,CLOSED,2026-03-30 11:38:32,2026-04-07 14:26:13,2026-04-07 16:26:13,4,Return label sent to the store.
185,RMA-2026-00073,473,263,2,CLOSED,2026-03-23 08:05:12,2026-03-31 15:57:15,2026-04-02 08:55:38,4,
186,RMA-2026-00074,478,484,1,CLOSED,2026-03-26 13:33:01,2026-04-03 13:21:40,2026-04-03 19:21:40,4,Return label sent to the store.
187,RMA-2026-00075,480,1554,3,CLOSED,2026-04-10 14:58:04,2026-04-17 13:00:59,2026-04-20 10:26:32,5,Goods to be inspected before credit.
188,RMA-2026-00076,481,370,2,CLOSED,2026-03-25 16:19:23,2026-03-27 12:59:11,2026-03-30 13:20:42,5,Return label sent to the store.
189,RMA-2026-00077,484,860,2,CLOSED,2026-04-02 14:16:58,2026-04-13 07:29:55,2026-04-14 10:31:59,3,"Photos received, return authorised without inspection."
190,RMA-2026-00078,489,1146,2,CLOSED,2026-03-19 12:08:06,2026-03-27 07:22:17,2026-03-30 09:13:11,5,
191,RMA-2026-00079,491,132,3,CLOSED,2026-03-09 17:38:36,2026-03-18 08:14:57,2026-03-18 14:01:02,4,Customer returns with next scheduled pickup.
192,RMA-2026-00080,493,1929,2,CLOSED,2026-04-20 11:34:13,2026-04-27 07:09:12,2026-04-29 09:00:09,4,"Photos received, return authorised without inspection."
193,RMA-2026-00081,494,1716,1,CLOSED,2026-04-21 14:01:48,2026-04-24 08:59:10,2026-04-27 08:07:38,5,Customer returns with next scheduled pickup.
194,RMA-2026-00082,501,1800,2,CLOSED,2026-05-11 08:43:51,2026-05-14 11:34:23,2026-05-14 15:06:18,5,Goods to be inspected before credit.
195,RMA-2026-00083,505,627,2,CLOSED,2026-04-16 10:15:42,2026-04-27 12:23:15,2026-04-27 15:23:15,4,Goods to be inspected before credit.
196,RMA-2026-00084,506,1772,2,CLOSED,2026-05-11 16:55:49,2026-05-18 14:12:00,2026-05-20 15:54:38,3,Return label sent to the store.
197,RMA-2026-00085,510,1415,2,CLOSED,2026-05-08 08:54:06,2026-05-18 15:32:37,2026-05-18 17:32:37,3,
198,RMA-2026-00086,511,856,2,CLOSED,2026-05-14 12:16:17,2026-05-18 07:57:36,2026-05-19 12:10:48,3,
199,RMA-2026-00087,512,184,2,CLOSED,2026-04-10 17:59:10,2026-04-17 16:22:58,2026-04-20 16:55:55,3,
200,RMA-2026-00088,515,2031,2,CLOSED,2026-06-01 14:41:28,2026-06-03 15:31:49,2026-06-04 16:36:12,4,Return label sent to the store.
201,RMA-2026-00089,520,1606,1,CLOSED,2026-05-08 10:05:12,2026-05-13 07:34:52,2026-05-13 14:09:51,4,Goods to be inspected before credit.
202,RMA-2026-00090,521,3,2,CLOSED,2026-04-27 10:02:37,2026-04-29 11:12:07,2026-05-01 09:40:30,5,
203,RMA-2026-00091,522,1905,3,CLOSED,2026-05-05 12:05:42,2026-05-11 08:17:51,2026-05-11 14:07:23,4,"Photos received, return authorised without inspection."
204,RMA-2026-00092,523,1027,1,CLOSED,2026-05-08 09:14:11,2026-05-18 16:35:33,2026-05-18 20:35:33,4,"Photos received, return authorised without inspection."
205,RMA-2026-00093,527,1302,2,CLOSED,2026-05-19 10:16:18,2026-05-21 15:55:29,2026-05-22 15:08:02,3,
206,RMA-2026-00094,531,2222,1,CLOSED,2026-05-01 17:12:59,2026-05-04 07:45:34,2026-05-07 10:59:47,5,
207,RMA-2026-00095,536,2199,2,CLOSED,2026-05-06 10:42:00,2026-05-08 14:41:57,2026-05-11 13:25:11,5,Customer returns with next scheduled pickup.
208,RMA-2026-00096,537,398,1,CLOSED,2026-04-20 16:55:58,2026-04-27 08:18:21,2026-04-29 09:54:40,4,Goods to be inspected before credit.
209,RMA-2026-00097,538,678,1,CLOSED,2026-04-28 16:59:04,2026-05-05 07:13:51,2026-05-07 10:50:41,3,"Photos received, return authorised without inspection."
210,RMA-2026-00098,539,2283,2,CLOSED,2026-04-21 11:25:46,2026-04-28 15:28:16,2026-05-01 15:32:15,5,"Photos received, return authorised without inspection."
211,RMA-2026-00099,541,1442,2,INSPECTED,2026-04-16 10:18:16,2026-04-21 15:39:31,2026-04-21 21:39:31,4,Return label sent to the store.
212,RMA-2026-00100,543,947,2,CLOSED,2026-05-04 16:59:55,2026-05-08 12:11:23,2026-05-11 14:28:00,3,Customer returns with next scheduled pickup.
213,RMA-2026-00101,544,808,1,CLOSED,2026-04-13 15:22:32,2026-04-22 09:27:20,2026-04-24 16:42:55,5,Customer returns with next scheduled pickup.
214,RMA-2026-00102,548,421,1,CLOSED,2026-06-03 12:39:55,2026-06-10 12:31:46,2026-06-10 15:00:21,4,
215,RMA-2026-00103,549,735,2,CLOSED,2026-05-05 09:15:26,2026-05-12 12:20:40,2026-05-15 09:35:39,3,Goods to be inspected before credit.
216,RMA-2026-00104,556,1940,3,CLOSED,2026-04-23 17:57:47,2026-04-29 13:54:20,2026-05-01 16:59:31,3,
217,RMA-2026-00105,559,989,1,CANCELLED,2026-05-01 11:27:54,,,4,
218,RMA-2026-00106,560,682,2,CLOSED,2026-04-23 15:41:37,2026-04-27 13:19:15,2026-04-28 11:57:17,3,Goods to be inspected before credit.
219,RMA-2026-00107,561,2264,2,CLOSED,2026-04-14 13:05:08,2026-04-23 10:19:47,2026-04-27 14:08:58,4,
220,RMA-2026-00108,562,197,2,CLOSED,2026-04-23 10:14:46,2026-04-29 11:30:05,2026-05-01 15:12:41,3,
221,RMA-2026-00109,566,1506,1,CLOSED,2026-04-29 09:07:35,2026-05-07 09:08:37,2026-05-07 10:08:37,5,Return label sent to the store.
222,RMA-2026-00110,570,876,2,CLOSED,2026-06-01 10:48:02,2026-06-08 11:45:32,2026-06-08 12:11:15,3,Customer returns with next scheduled pickup.
223,RMA-2026-00111,574,1629,1,CLOSED,2026-05-29 10:40:00,2026-06-05 16:49:14,2026-06-08 08:51:45,3,Customer returns with next scheduled pickup.
224,RMA-2026-00112,575,747,1,CLOSED,2026-06-19 08:10:32,2026-06-25 08:49:32,2026-06-26 17:05:35,4,
225,RMA-2026-00113,581,1662,1,CLOSED,2026-06-08 11:47:01,2026-06-10 13:56:08,2026-06-10 15:49:49,4,Return label sent to the store.
226,RMA-2026-00114,583,20,1,CLOSED,2026-06-03 17:02:11,2026-06-12 10:11:04,2026-06-12 12:11:04,3,"Photos received, return authorised without inspection."
227,RMA-2026-00115,587,1064,1,CLOSED,2026-05-20 15:40:00,2026-05-27 13:22:37,2026-05-29 13:12:02,4,
228,RMA-2026-00116,588,2353,2,CLOSED,2026-05-25 10:50:08,2026-06-02 09:12:17,2026-06-05 13:58:52,5,Goods to be inspected before credit.
229,RMA-2026-00117,591,1670,2,CLOSED,2026-05-18 11:46:10,2026-05-21 15:30:10,2026-05-21 17:30:10,5,Goods to be inspected before credit.
230,RMA-2026-00118,592,1704,2,CLOSED,2026-05-11 18:20:55,2026-05-19 10:21:44,2026-05-20 08:26:17,4,Customer returns with next scheduled pickup.
231,RMA-2026-00119,594,171,1,INSPECTED,2026-06-08 16:58:14,2026-06-15 09:44:45,2026-06-16 13:18:47,4,"Photos received, return authorised without inspection."
232,RMA-2026-00120,595,63,2,CLOSED,2026-06-18 13:05:15,2026-06-24 16:21:59,2026-06-25 14:09:36,4,
233,RMA-2026-00121,596,209,1,CLOSED,2026-06-01 16:23:10,2026-06-08 16:39:51,2026-06-08 16:41:43,4,"Photos received, return authorised without inspection."
234,RMA-2026-00122,599,789,3,CLOSED,2026-06-05 15:33:41,2026-06-11 13:00:00,2026-06-11 18:00:00,3,Return label sent to the store.
235,RMA-2026-00123,600,2112,2,CLOSED,2026-07-09 17:51:11,2026-07-16 08:11:52,2026-07-20 13:09:59,3,"Photos received, return authorised without inspection."
236,RMA-2026-00124,602,1888,2,CLOSED,2026-05-29 12:01:37,2026-06-02 10:52:50,2026-06-02 14:27:16,5,
237,RMA-2026-00125,603,83,2,CLOSED,2026-06-01 10:17:42,2026-06-03 16:40:18,2026-06-04 13:13:16,4,"Photos received, return authorised without inspection."
238,RMA-2026-00126,608,1461,1,INSPECTED,2026-05-25 12:12:58,2026-05-27 13:13:46,2026-05-28 12:29:04,3,
239,RMA-2026-00127,609,695,3,INSPECTED,2026-06-09 13:10:29,2026-06-15 11:13:08,2026-06-18 10:45:56,3,
240,RMA-2026-00128,610,1891,1,CLOSED,2026-06-01 13:36:30,2026-06-08 09:03:05,2026-06-11 10:20:25,4,
241,RMA-2026-00129,612,901,2,INSPECTED,2026-06-15 17:35:42,2026-06-23 09:53:25,2026-06-26 08:34:53,3,Customer returns with next scheduled pickup.
242,RMA-2026-00130,613,1077,1,INSPECTED,2026-05-18 15:44:18,2026-05-20 07:31:50,2026-05-22 14:00:31,5,
243,RMA-2026-00131,614,2193,2,CLOSED,2026-05-25 09:41:05,2026-05-27 11:50:31,2026-05-29 17:31:11,4,
244,RMA-2026-00132,617,2355,2,CLOSED,2026-06-12 12:32:28,2026-06-15 13:12:46,2026-06-18 14:52:43,3,Goods to be inspected before credit.
245,RMA-2026-00133,620,1233,2,CLOSED,2026-05-13 17:43:19,2026-05-15 15:46:45,2026-05-15 20:46:45,5,"Photos received, return authorised without inspection."
246,RMA-2026-00134,621,615,1,CLOSED,2026-05-14 17:07:17,2026-05-19 09:15:50,2026-05-21 16:21:25,3,"Photos received, return authorised without inspection."
247,RMA-2026-00135,624,2090,2,INSPECTED,2026-06-01 12:46:23,2026-06-09 11:19:43,2026-06-10 09:58:42,3,"Photos received, return authorised without inspection."
248,RMA-2026-00136,628,2106,2,CLOSED,2026-06-05 09:50:45,2026-06-15 07:29:29,2026-06-16 17:06:56,4,Goods to be inspected before credit.
249,RMA-2026-00137,629,1662,1,CANCELLED,2026-05-12 11:14:00,,,3,
250,RMA-2026-00138,632,1335,1,CLOSED,2026-05-25 15:50:31,2026-06-01 10:45:00,2026-06-02 13:43:23,5,Customer returns with next scheduled pickup.
251,RMA-2026-00139,633,1764,2,CLOSED,2026-05-18 10:34:28,2026-05-27 08:07:34,2026-05-28 10:08:54,4,Customer returns with next scheduled pickup.
252,RMA-2026-00140,636,93,2,CLOSED,2026-06-05 17:13:51,2026-06-09 14:12:12,2026-06-12 17:18:25,4,
253,RMA-2026-00141,637,359,1,CLOSED,2026-06-16 10:58:28,2026-06-18 07:19:51,2026-06-22 10:33:07,3,"Photos received, return authorised without inspection."
254,RMA-2026-00142,638,685,2,CLOSED,2026-05-27 11:59:46,2026-06-01 15:38:40,2026-06-01 20:38:40,3,Customer returns with next scheduled pickup.
255,RMA-2026-00143,643,2218,1,INSPECTED,2026-05-19 16:51:10,2026-05-28 07:45:07,2026-05-28 12:07:55,4,Customer returns with next scheduled pickup.
256,RMA-2026-00144,646,812,2,CLOSED,2026-06-15 17:05:02,2026-06-24 08:38:02,2026-06-24 17:24:10,4,"Photos received, return authorised without inspection."
257,RMA-2026-00145,648,1415,2,CLOSED,2026-05-13 17:21:09,2026-05-18 16:09:47,2026-05-18 22:09:47,5,
258,RMA-2026-00146,649,2145,2,CLOSED,2026-06-12 09:22:32,2026-06-15 10:20:09,2026-06-16 14:36:10,3,
259,RMA-2026-00147,661,1845,1,CLOSED,2026-06-24 12:54:31,2026-06-30 09:22:05,2026-06-30 10:12:39,3,"Photos received, return authorised without inspection."
260,RMA-2026-00148,665,600,2,CLOSED,2026-06-26 21:36:00,2026-07-01 07:10:15,2026-07-03 12:11:05,4,Return label sent to the store.
261,RMA-2026-00149,667,2250,2,INSPECTED,2026-07-06 17:13:53,2026-07-10 12:35:31,2026-07-10 17:50:36,3,
262,RMA-2026-00150,668,381,1,CLOSED,2026-07-13 16:22:56,2026-07-16 07:09:57,2026-07-17 09:12:42,3,"Photos received, return authorised without inspection."
263,RMA-2026-00151,670,1562,3,CANCELLED,2026-07-10 08:22:47,,,4,Customer returns with next scheduled pickup.
264,RMA-2026-00152,683,1146,2,CLOSED,2026-06-12 10:37:10,2026-06-16 10:40:28,2026-06-17 09:59:13,4,Customer returns with next scheduled pickup.
265,RMA-2026-00153,684,663,1,CLOSED,2026-07-28 16:45:30,2026-08-03 08:19:55,2026-08-05 16:48:29,5,Goods to be inspected before credit.
266,RMA-2026-00154,702,1498,2,CLOSED,2026-07-08 12:53:35,2026-07-13 09:03:13,2026-07-14 11:46:11,3,
267,RMA-2026-00155,707,1038,2,CLOSED,2026-08-21 14:27:09,2026-08-26 11:22:37,2026-08-26 12:31:30,5,Customer returns with next scheduled pickup.
268,RMA-2026-00156,708,1958,1,CLOSED,2026-08-03 17:28:05,2026-08-10 11:24:13,2026-08-11 13:23:10,5,Goods to be inspected before credit.
269,RMA-2026-00157,712,1610,2,CLOSED,2026-06-12 08:42:56,2026-06-18 12:33:31,2026-06-19 13:34:56,4,"Photos received, return authorised without inspection."
270,RMA-2026-00158,714,419,1,CLOSED,2026-07-29 19:32:15,2026-08-04 08:41:54,2026-08-04 10:10:53,3,
271,RMA-2026-00159,715,71,3,CLOSED,2026-06-18 10:34:35,2026-06-24 10:58:58,2026-06-26 12:05:52,3,"Photos received, return authorised without inspection."
272,RMA-2026-00160,716,379,2,CLOSED,2026-08-05 14:59:35,2026-08-13 14:23:37,2026-08-17 12:10:48,4,Goods to be inspected before credit.
273,RMA-2026-00161,720,2229,2,CLOSED,2026-06-25 14:43:09,2026-07-06 13:22:08,2026-07-06 14:22:08,3,Customer returns with next scheduled pickup.
274,RMA-2026-00162,728,2087,2,CLOSED,2026-08-10 09:18:40,2026-08-19 10:22:48,2026-08-21 09:55:36,5,
275,RMA-2026-00163,729,1824,2,CLOSED,2026-08-13 08:19:22,2026-08-18 11:23:50,2026-08-18 13:56:56,3,
276,RMA-2026-00164,737,2344,2,CLOSED,2026-07-13 14:25:08,2026-07-17 12:50:12,2026-07-20 14:40:21,3,
277,RMA-2026-00165,740,1202,2,CLOSED,2026-07-20 08:57:25,2026-07-27 11:04:23,2026-07-27 14:12:35,4,
278,RMA-2026-00166,742,1035,2,CLOSED,2026-08-13 10:00:46,2026-08-21 10:25:48,2026-08-24 17:38:44,4,Return label sent to the store.
279,RMA-2026-00167,747,1523,2,INSPECTED,2026-08-20 16:25:45,2026-08-28 08:03:22,2026-08-31 08:39:19,3,
280,RMA-2026-00168,749,1877,1,INSPECTED,2026-08-07 09:48:01,2026-08-12 15:41:50,2026-08-12 21:41:50,3,
281,RMA-2026-00169,750,2330,2,CLOSED,2026-07-20 13:12:39,2026-07-27 15:47:41,2026-07-30 17:54:49,5,Goods to be inspected before credit.
282,RMA-2026-00170,754,2153,3,CLOSED,2026-07-17 14:55:14,2026-07-27 08:32:08,2026-07-28 12:54:19,4,Return label sent to the store.
283,RMA-2026-00171,756,291,1,CLOSED,2026-07-24 10:12:32,2026-07-29 09:13:28,2026-07-31 12:10:15,5,"Photos received, return authorised without inspection."
284,RMA-2026-00172,758,466,1,CLOSED,2026-08-17 08:15:27,2026-08-24 13:23:39,2026-08-25 08:47:31,5,Goods to be inspected before credit.
285,RMA-2026-00173,759,1535,1,CLOSED,2026-08-04 10:49:39,2026-08-12 07:10:33,2026-08-14 10:33:47,3,"Photos received, return authorised without inspection."
286,RMA-2026-00174,762,1998,2,CLOSED,2026-07-31 10:58:27,2026-08-03 14:32:57,2026-08-03 14:39:04,5,"Photos received, return authorised without inspection."
287,RMA-2026-00175,777,1994,1,CLOSED,2026-08-14 09:53:55,2026-08-18 16:53:48,2026-08-20 12:53:57,4,Goods to be inspected before credit.
288,RMA-2026-00176,778,2092,2,INSPECTED,2026-08-25 16:26:34,2026-09-01 08:36:43,2026-09-01 10:16:41,4,
289,RMA-2026-00177,801,1416,1,INSPECTED,2026-08-17 12:40:29,2026-08-19 08:29:28,2026-08-20 13:52:07,4,
290,RMA-2026-00178,807,382,1,RECEIVED,2026-08-18 22:54:44,2026-08-24 11:26:41,,5,Return label sent to the store.
291,RMA-2026-00179,822,2222,1,CLOSED,2026-08-20 10:24:23,2026-08-26 11:41:19,2026-08-27 08:49:18,4,Return label sent to the store.
292,RMA-2026-00180,826,668,1,CANCELLED,2026-08-27 12:17:43,,,3,Return label sent to the store.
293,RMA-2026-00181,840,598,2,AUTHORISED,2026-09-04 16:29:58,,,3,Customer returns with next scheduled pickup.
294,RMA-2026-00182,844,1659,2,CLOSED,2026-08-13 08:55:15,2026-08-21 09:40:51,2026-08-24 15:39:41,3,Goods to be inspected before credit.
